Name,METADATA Attribute,Required,Value Set Code,Category,Context,Description
"ukprn","ukprn(PER_ORGANIZATION_INFORMATION_EFF=UKHESA)","No","UK_HESA_Char10","Department","UK HESA Information",""
"recid","recid(PER_ORGANIZATION_INFORMATION_EFF=UKHESA)","No","UK_HESA_recid","Department","UK HESA Information",""
"recid","recid_Display(PER_ORGANIZATION_INFORMATION_EFF=UKHESA)","No","UK_HESA_recid","Department","UK HESA Information",""
"Zero Report","_ZERO_REPORT(PER_ORGANIZATION_INFORMATION_EFF=HRX_US_PSU_SQWL_RULES_AK)","Yes","HRC_YES_NO","Payroll Statutory Unit For United States","Alaska State Quarterly Wage Listing Rules","Captures the zero report for Alaska."
"Zero Report","_ZERO_REPORT(PER_ORGANIZATION_INFORMATION_EFF=HRX_US_TRU_SQWL_RULES_AK)","Yes","HRC_YES_NO","Tax Reporting Unit For United States","Alaska State Quarterly Wage Listing Rules Overrides","Captures the zero report for Alaska."
"Zero Report","_ZERO_REPORT_Display(PER_ORGANIZATION_INFORMATION_EFF=HRX_US_PSU_SQWL_RULES_AK)","Yes","HRC_YES_NO","Payroll Statutory Unit For United States","Alaska State Quarterly Wage Listing Rules","Captures the zero report for Alaska."
"Zero Report","_ZERO_REPORT_Display(PER_ORGANIZATION_INFORMATION_EFF=HRX_US_TRU_SQWL_RULES_AK)","Yes","HRC_YES_NO","Tax Reporting Unit For United States","Alaska State Quarterly Wage Listing Rules Overrides","Captures the zero report for Alaska."
"Year-End Documents Publish Month","OraHrxCaEoyPublishMonth(PER_ORGANIZATION_INFORMATION_EFF=ORA_HRX_CA_TRU_EOY_REPORT_RULES)","No","ORA_HRX_CA_EOY_DOC_PUBLISH_MONTH","Payroll Statutory Unit For Canada","Year-End Reporting Rules",""
"Year-End Documents Publish Month","OraHrxCaEoyPublishMonth(PER_ORGANIZATION_INFORMATION_EFF=ORA_HRX_CA_TRU_EOY_REPORT_RULES)","No","ORA_HRX_CA_EOY_DOC_PUBLISH_MONTH","Tax Reporting Unit For Canada","Year-End Reporting Rules",""
"Year-End Documents Publish Month","OraHrxCaEoyPublishMonth_Display(PER_ORGANIZATION_INFORMATION_EFF=ORA_HRX_CA_TRU_EOY_REPORT_RULES)","No","ORA_HRX_CA_EOY_DOC_PUBLISH_MONTH","Payroll Statutory Unit For Canada","Year-End Reporting Rules",""
"Year-End Documents Publish Month","OraHrxCaEoyPublishMonth_Display(PER_ORGANIZATION_INFORMATION_EFF=ORA_HRX_CA_TRU_EOY_REPORT_RULES)","No","ORA_HRX_CA_EOY_DOC_PUBLISH_MONTH","Tax Reporting Unit For Canada","Year-End Reporting Rules",""
"Year-End Documents Publish Day","OraHrxCaEoyPublishDay(PER_ORGANIZATION_INFORMATION_EFF=ORA_HRX_CA_TRU_EOY_REPORT_RULES)","No","ORA_HRX_CA_EOY_DOC_PUBLISH_DAY","Payroll Statutory Unit For Canada","Year-End Reporting Rules",""
"Year-End Documents Publish Day","OraHrxCaEoyPublishDay(PER_ORGANIZATION_INFORMATION_EFF=ORA_HRX_CA_TRU_EOY_REPORT_RULES)","No","ORA_HRX_CA_EOY_DOC_PUBLISH_DAY","Tax Reporting Unit For Canada","Year-End Reporting Rules",""
"Year-End Documents Publish Day","OraHrxCaEoyPublishDay_Display(PER_ORGANIZATION_INFORMATION_EFF=ORA_HRX_CA_TRU_EOY_REPORT_RULES)","No","ORA_HRX_CA_EOY_DOC_PUBLISH_DAY","Payroll Statutory Unit For Canada","Year-End Reporting Rules",""
"Year-End Documents Publish Day","OraHrxCaEoyPublishDay_Display(PER_ORGANIZATION_INFORMATION_EFF=ORA_HRX_CA_TRU_EOY_REPORT_RULES)","No","ORA_HRX_CA_EOY_DOC_PUBLISH_DAY","Tax Reporting Unit For Canada","Year-End Reporting Rules",""
"Working Hours Type","workingHoursType(PER_ORGANIZATION_INFORMATION_EFF=ORA_HRX_GB_PS_CSP_PSU_DETAILS)","No","ORA_HRX_GB_PS_CSP_WRK_HRS_TYPE","Payroll Statutory Unit For United Kingdom","Civil Service Pension Scheme Information",""
"Working Hours Regime","workingHoursRegime(PER_ORGANIZATION_INFORMATION_EFF=ORA_HRX_BR_LEMP_DETAIL)","No","ORA_HRX_BR_LEMP_WORKING_HOURS_REGIME","Legal Employer For Brazil","Brazilian Legal Employer Details",""
"Working Hours Regime","workingHoursRegime_Display(PER_ORGANIZATION_INFORMATION_EFF=ORA_HRX_BR_LEMP_DETAIL)","No","ORA_HRX_BR_LEMP_WORKING_HOURS_REGIME","Legal Employer For Brazil","Brazilian Legal Employer Details",""
"Workers' Compensation Fees Due","_WORKERS_COMP_FEES_DUE(PER_ORGANIZATION_INFORMATION_EFF=HRX_US_TRU_SQWL_RULES_NM)","Yes","HRX_US_WORKERS_COMP_FEES_DUE","Tax Reporting Unit For United States","New Mexico State Quarterly Wage Listing Rules Overrides","Captures Workers Compensation Fees Due."
"Workers' Compensation Fees Due","_WORKERS_COMP_FEES_DUE_Display(PER_ORGANIZATION_INFORMATION_EFF=HRX_US_TRU_SQWL_RULES_NM)","Yes","HRX_US_WORKERS_COMP_FEES_DUE","Tax Reporting Unit For United States","New Mexico State Quarterly Wage Listing Rules Overrides","Captures Workers Compensation Fees Due."
"Workers Compensation Province","oraHrxCaWcDeptProv(PER_ORGANIZATION_INFORMATION_EFF=ORA_HRX_CA_WC_DEPT)","Yes","ORA_HRX_CA_WC_PROV","Department","Canada Workers Compensation Department Information","Captures the Workers Compensation Province Override at Department Level."
"Workers Compensation Province","oraHrxCaWcDeptProv_Display(PER_ORGANIZATION_INFORMATION_EFF=ORA_HRX_CA_WC_DEPT)","Yes","ORA_HRX_CA_WC_PROV","Department","Canada Workers Compensation Department Information","Captures the Workers Compensation Province Override at Department Level."
"Workers Compensation Payroll Statutory Unit","oraHrxCaWcDeptPsu(PER_ORGANIZATION_INFORMATION_EFF=ORA_HRX_CA_WC_DEPT)","Yes","ORA_HRX_CA_PM_PSU","Department","Canada Workers Compensation Department Information","Captures the Workers Compensation PSU Override at Department Level."
"Workers Compensation Payroll Statutory Unit","oraHrxCaWcDeptPsu_Display(PER_ORGANIZATION_INFORMATION_EFF=ORA_HRX_CA_WC_DEPT)","Yes","ORA_HRX_CA_PM_PSU","Department","Canada Workers Compensation Department Information","Captures the Workers Compensation PSU Override at Department Level."
"Workers Compensation Classification Unit Override","oraHrxCaWcDeptClUnit(PER_ORGANIZATION_INFORMATION_EFF=ORA_HRX_CA_WC_DEPT)","Yes","ORA_HRX_CA_WC_CL_UNIT","Department","Canada Workers Compensation Department Information","Captures the Workers Compensation Classification Unit Override at Department Level."
"Workers Compensation Classification Unit Override","oraHrxCaWcDeptClUnit_Display(PER_ORGANIZATION_INFORMATION_EFF=ORA_HRX_CA_WC_DEPT)","Yes","ORA_HRX_CA_WC_CL_UNIT","Department","Canada Workers Compensation Department Information","Captures the Workers Compensation Classification Unit Override at Department Level."
"Workers Compensation Board","oraHrxCaAbWcBoard(PER_ORGANIZATION_INFORMATION_EFF=ORA_HRX_CA_PSU_WC_AB_HEADER)","No","ORA_HRX_CA_WC_BOARD_NAMES","Payroll Statutory Unit For Canada","Alberta Workers Compensation","Captures the Alberta Workers Compensation Board Information."
"Workers Compensation Board","oraHrxCaAbWcBoard_Display(PER_ORGANIZATION_INFORMATION_EFF=ORA_HRX_CA_PSU_WC_AB_HEADER)","No","ORA_HRX_CA_WC_BOARD_NAMES","Payroll Statutory Unit For Canada","Alberta Workers Compensation","Captures the Alberta Workers Compensation Board Information."
"Workers Compensation Board","oraHrxCaBcWcBoard(PER_ORGANIZATION_INFORMATION_EFF=ORA_HRX_CA_PSU_WC_BC_HEADER)","No","ORA_HRX_CA_WC_BOARD_NAMES","Payroll Statutory Unit For Canada","British Columbia Workers Compensation","Captures the British Columbia Workers Compensation Board Information."
"Workers Compensation Board","oraHrxCaBcWcBoard_Display(PER_ORGANIZATION_INFORMATION_EFF=ORA_HRX_CA_PSU_WC_BC_HEADER)","No","ORA_HRX_CA_WC_BOARD_NAMES","Payroll Statutory Unit For Canada","British Columbia Workers Compensation","Captures the British Columbia Workers Compensation Board Information."
"Workers Compensation Board","oraHrxCaMbWcBoard(PER_ORGANIZATION_INFORMATION_EFF=ORA_HRX_CA_PSU_WC_MB_HEADER)","No","ORA_HRX_CA_WC_BOARD_NAMES","Payroll Statutory Unit For Canada","Manitoba Workers Compensation","Captures the Manitoba Workers Compensation Board Information."
"Workers Compensation Board","oraHrxCaMbWcBoard_Display(PER_ORGANIZATION_INFORMATION_EFF=ORA_HRX_CA_PSU_WC_MB_HEADER)","No","ORA_HRX_CA_WC_BOARD_NAMES","Payroll Statutory Unit For Canada","Manitoba Workers Compensation","Captures the Manitoba Workers Compensation Board Information."
"Workers Compensation Board","oraHrxCaNbWcBoard(PER_ORGANIZATION_INFORMATION_EFF=ORA_HRX_CA_PSU_WC_NB_HEADER)","No","ORA_HRX_CA_WC_BOARD_NAMES","Payroll Statutory Unit For Canada","New Brunswick Workers Compensation","Captures the New Brunswick Workers Compensation Board Information."
"Workers Compensation Board","oraHrxCaNbWcBoard_Display(PER_ORGANIZATION_INFORMATION_EFF=ORA_HRX_CA_PSU_WC_NB_HEADER)","No","ORA_HRX_CA_WC_BOARD_NAMES","Payroll Statutory Unit For Canada","New Brunswick Workers Compensation","Captures the New Brunswick Workers Compensation Board Information."
"Workers Compensation Board","oraHrxCaNlWcBoard(PER_ORGANIZATION_INFORMATION_EFF=ORA_HRX_CA_PSU_WC_NL_HEADER)","No","ORA_HRX_CA_WC_BOARD_NAMES","Payroll Statutory Unit For Canada","Newfoundland and Labrador Workers Compensation","Captures the Newfoundland and Labrador Workers Compensation Board Information."
"Workers Compensation Board","oraHrxCaNlWcBoard_Display(PER_ORGANIZATION_INFORMATION_EFF=ORA_HRX_CA_PSU_WC_NL_HEADER)","No","ORA_HRX_CA_WC_BOARD_NAMES","Payroll Statutory Unit For Canada","Newfoundland and Labrador Workers Compensation","Captures the Newfoundland and Labrador Workers Compensation Board Information."
"Workers Compensation Board","oraHrxCaNsWcBoard(PER_ORGANIZATION_INFORMATION_EFF=ORA_HRX_CA_PSU_WC_NS_HEADER)","No","ORA_HRX_CA_WC_BOARD_NAMES","Payroll Statutory Unit For Canada","Nova Scotia Workers Compensation","Captures the Nova Scotia Workers Compensation Board Information."
"Workers Compensation Board","oraHrxCaNsWcBoard_Display(PER_ORGANIZATION_INFORMATION_EFF=ORA_HRX_CA_PSU_WC_NS_HEADER)","No","ORA_HRX_CA_WC_BOARD_NAMES","Payroll Statutory Unit For Canada","Nova Scotia Workers Compensation","Captures the Nova Scotia Workers Compensation Board Information."
"Workers Compensation Board","oraHrxCaNtWcBoard(PER_ORGANIZATION_INFORMATION_EFF=ORA_HRX_CA_PSU_WC_NT_HEADER)","No","ORA_HRX_CA_WC_BOARD_NAMES","Payroll Statutory Unit For Canada","Northwest Territories Workers Compensation","Captures the Northwest Territories Workers Compensation Board Information."
"Workers Compensation Board","oraHrxCaNtWcBoard_Display(PER_ORGANIZATION_INFORMATION_EFF=ORA_HRX_CA_PSU_WC_NT_HEADER)","No","ORA_HRX_CA_WC_BOARD_NAMES","Payroll Statutory Unit For Canada","Northwest Territories Workers Compensation","Captures the Northwest Territories Workers Compensation Board Information."
"Workers Compensation Board","oraHrxCaNuWcBoard(PER_ORGANIZATION_INFORMATION_EFF=ORA_HRX_CA_PSU_WC_NU_HEADER)","No","ORA_HRX_CA_WC_BOARD_NAMES","Payroll Statutory Unit For Canada","Nunavut Workers Compensation","Captures the Nunavut Workers Compensation Board Information"
"Workers Compensation Board","oraHrxCaNuWcBoard_Display(PER_ORGANIZATION_INFORMATION_EFF=ORA_HRX_CA_PSU_WC_NU_HEADER)","No","ORA_HRX_CA_WC_BOARD_NAMES","Payroll Statutory Unit For Canada","Nunavut Workers Compensation","Captures the Nunavut Workers Compensation Board Information"
"Workers Compensation Board","oraHrxCaOnWcBoard(PER_ORGANIZATION_INFORMATION_EFF=ORA_HRX_CA_PSU_WC_ON_HEADER)","No","ORA_HRX_CA_WC_BOARD_NAMES","Payroll Statutory Unit For Canada","Ontario Workers Compensation","Captures the Ontario Workers Compensation Board Information."
"Workers Compensation Board","oraHrxCaOnWcBoard_Display(PER_ORGANIZATION_INFORMATION_EFF=ORA_HRX_CA_PSU_WC_ON_HEADER)","No","ORA_HRX_CA_WC_BOARD_NAMES","Payroll Statutory Unit For Canada","Ontario Workers Compensation","Captures the Ontario Workers Compensation Board Information."
"Workers Compensation Board","oraHrxCaPeWcBoard(PER_ORGANIZATION_INFORMATION_EFF=ORA_HRX_CA_PSU_WC_PE_HEADER)","No","ORA_HRX_CA_WC_BOARD_NAMES","Payroll Statutory Unit For Canada","Prince Edward Island Workers Compensation","Captures the Prince Edward Island Workers Compensation Board Information."
"Workers Compensation Board","oraHrxCaPeWcBoard_Display(PER_ORGANIZATION_INFORMATION_EFF=ORA_HRX_CA_PSU_WC_PE_HEADER)","No","ORA_HRX_CA_WC_BOARD_NAMES","Payroll Statutory Unit For Canada","Prince Edward Island Workers Compensation","Captures the Prince Edward Island Workers Compensation Board Information."
"Workers Compensation Board","oraHrxCaQcWcBoard(PER_ORGANIZATION_INFORMATION_EFF=ORA_HRX_CA_PSU_WC_QC_HEADER)","No","ORA_HRX_CA_WC_BOARD_NAMES","Payroll Statutory Unit For Canada","Quebec Workers Compensation","Captures the Quebec Workers Compensation Board Information"
"Workers Compensation Board","oraHrxCaQcWcBoard_Display(PER_ORGANIZATION_INFORMATION_EFF=ORA_HRX_CA_PSU_WC_QC_HEADER)","No","ORA_HRX_CA_WC_BOARD_NAMES","Payroll Statutory Unit For Canada","Quebec Workers Compensation","Captures the Quebec Workers Compensation Board Information"
"Workers Compensation Board","oraHrxCaSkWcBoard(PER_ORGANIZATION_INFORMATION_EFF=ORA_HRX_CA_PSU_WC_SK_HEADER)","No","ORA_HRX_CA_WC_BOARD_NAMES","Payroll Statutory Unit For Canada","Saskatchewan Workers Compensation","Captures the Saskatchewan Workers Compensation Board Information."
"Workers Compensation Board","oraHrxCaSkWcBoard_Display(PER_ORGANIZATION_INFORMATION_EFF=ORA_HRX_CA_PSU_WC_SK_HEADER)","No","ORA_HRX_CA_WC_BOARD_NAMES","Payroll Statutory Unit For Canada","Saskatchewan Workers Compensation","Captures the Saskatchewan Workers Compensation Board Information."
"Workers Compensation Board","oraHrxCaYtWcBoard(PER_ORGANIZATION_INFORMATION_EFF=ORA_HRX_CA_PSU_WC_YT_HEADER)","No","ORA_HRX_CA_WC_BOARD_NAMES","Payroll Statutory Unit For Canada","Yukon Workers Compensation","Captures the Yukon Workers Compensation Board Information."
"Workers Compensation Board","oraHrxCaYtWcBoard_Display(PER_ORGANIZATION_INFORMATION_EFF=ORA_HRX_CA_PSU_WC_YT_HEADER)","No","ORA_HRX_CA_WC_BOARD_NAMES","Payroll Statutory Unit For Canada","Yukon Workers Compensation","Captures the Yukon Workers Compensation Board Information."
"Worker Number Generation","_EMP_NUMBER_GEN_METHOD(PER_ORGANIZATION_INFORMATION_EFF=PER_ENTERPRISE_INFO)","No","PER_ENTP_WRKR_NUMBER_GEN_METHOD_VS","Enterprise","Enterprise Information","The Worker Number Generation"
"Worker Number Generation","_EMP_NUMBER_GEN_METHOD(PER_ORGANIZATION_INFORMATION_EFF=PER_LEMP_EMPLOYMENT_INFO)","No","PER_LEMP_WRKR_NUMBER_GEN_METHOD_VS","Legal Employer","Legal Employer Information","The Worker Number Generation"
"Worker Number Generation","_EMP_NUMBER_GEN_METHOD_Display(PER_ORGANIZATION_INFORMATION_EFF=PER_ENTERPRISE_INFO)","No","PER_ENTP_WRKR_NUMBER_GEN_METHOD_VS","Enterprise","Enterprise Information","The Worker Number Generation"
"Worker Number Generation","_EMP_NUMBER_GEN_METHOD_Display(PER_ORGANIZATION_INFORMATION_EFF=PER_LEMP_EMPLOYMENT_INFO)","No","PER_LEMP_WRKR_NUMBER_GEN_METHOD_VS","Legal Employer","Legal Employer Information","The Worker Number Generation"
"Work Start Time","_WORK_START_TIME(PER_ORGANIZATION_INFORMATION_EFF=PER_WORK_DAY_INFO)","No","PER_TIME_UNITS","Department","Workday Information","The Work Start Time"
"Work Start Time","_WORK_START_TIME(PER_ORGANIZATION_INFORMATION_EFF=PER_WORK_DAY_INFO)","No","PER_TIME_UNITS","Enterprise","Workday Information","The Work Start Time"
"Work Start Time","_WORK_START_TIME(PER_ORGANIZATION_INFORMATION_EFF=PER_WORK_DAY_INFO)","No","PER_TIME_UNITS","Legal Employer","Workday Information","The Work Start Time"
"Work Phone","workPhone(PER_ORGANIZATION_INFORMATION_EFF=ORA_PER_UNION_ASSOCIATED_BARGAINING_UNITS)","No","HRC_CHAR_15","Worker Union","Associated Bargaining Units","The Work Phone"
"Work Phone","workPhone(PER_ORGANIZATION_INFORMATION_EFF=ORA_PER_UNION_CONTACTS)","No","HRC_CHAR_15","Worker Union","Union Contacts","The Work Phone"
"Work Location","hrxMxLocSegment(PER_ORGANIZATION_INFORMATION_EFF=ORA_HRX_MX_TRU_LOC)","No","ORA_MX_TRU_LOCATION","Tax Reporting Unit For Mexico","Employer Location",""
"Work Location","hrxMxLocSegment_Display(PER_ORGANIZATION_INFORMATION_EFF=ORA_HRX_MX_TRU_LOC)","No","ORA_MX_TRU_LOCATION","Tax Reporting Unit For Mexico","Employer Location",""
"Work End Time","_WORK_END_TIME(PER_ORGANIZATION_INFORMATION_EFF=PER_WORK_DAY_INFO)","No","PER_TIME_UNITS","Department","Workday Information","The Work End Time"
"Work End Time","_WORK_END_TIME(PER_ORGANIZATION_INFORMATION_EFF=PER_WORK_DAY_INFO)","No","PER_TIME_UNITS","Enterprise","Workday Information","The Work End Time"
"Work End Time","_WORK_END_TIME(PER_ORGANIZATION_INFORMATION_EFF=PER_WORK_DAY_INFO)","No","PER_TIME_UNITS","Legal Employer","Workday Information","The Work End Time"
"Work Email","workEmail(PER_ORGANIZATION_INFORMATION_EFF=ORA_PER_UNION_ASSOCIATED_BARGAINING_UNITS)","No","HRC_CHAR_60","Worker Union","Associated Bargaining Units","The Work Email"
"Work Email","workEmail(PER_ORGANIZATION_INFORMATION_EFF=ORA_PER_UNION_CONTACTS)","No","HRC_CHAR_60","Worker Union","Union Contacts","The Work Email"
"Withholding Tax Paid This Year","_WITHHOLDING_TAX_PAID_THIS_YEAR(PER_ORGANIZATION_INFORMATION_EFF=HRX_US_TRU_W2_RULES_ID)","No","HRC_NUMBER_11_2","Tax Reporting Unit For United States","Idaho W-2 Reporting Rules Overrides","Captures Withholding Tax Paid This Year"
"Withholding Tax Paid This Year","_WITHHOLDING_TAX_PAID_THIS_YEAR(PER_ORGANIZATION_INFORMATION_EFF=HRX_US_TRU_W2_RULES_MD)","No","HRX_US_NUMBER_12_2","Tax Reporting Unit For United States","Maryland W-2 Reporting Rules Overrides","Captures Withholding Tax Paid This Year"
"Web Page","_WEB_PAGE(PER_ORGANIZATION_INFORMATION_EFF=HRX_CN_CORPORATE_INFO)","No","HRC_CHAR_120","Legal Employer For China","Chinese Employer Information",""
"Waybill Number","mxSsIMSSWAYBILL(PER_ORGANIZATION_INFORMATION_EFF=ORA_HRX_MX_TRU_SS_DETAILS)","No","ORA_5_Number","Tax Reporting Unit For Mexico","Mexico Social Security Details",""
"Ward, Circle, or Range","_WARD_CIR_RANGE(PER_ORGANIZATION_INFORMATION_EFF=HRX_IN_TRU_IT_INFO)","No","HRX_IN_CHAR_30","Tax Reporting Unit For India","Income Tax",""
"Wages Reported to Other States","_OTHER_STATES_WAGES_REPORTED(PER_ORGANIZATION_INFORMATION_EFF=HRX_US_PSU_SQWL_RULES_AK)","Yes","HRC_YES_NO","Payroll Statutory Unit For United States","Alaska State Quarterly Wage Listing Rules","Captures the wages reported to other states."
"Wages Reported to Other States","_OTHER_STATES_WAGES_REPORTED(PER_ORGANIZATION_INFORMATION_EFF=HRX_US_TRU_SQWL_RULES_AK)","Yes","HRC_YES_NO","Tax Reporting Unit For United States","Alaska State Quarterly Wage Listing Rules Overrides","Captures the wages reported to other states."
"Wages Reported to Other States","_OTHER_STATES_WAGES_REPORTED_Display(PER_ORGANIZATION_INFORMATION_EFF=HRX_US_PSU_SQWL_RULES_AK)","Yes","HRC_YES_NO","Payroll Statutory Unit For United States","Alaska State Quarterly Wage Listing Rules","Captures the wages reported to other states."
"Wages Reported to Other States","_OTHER_STATES_WAGES_REPORTED_Display(PER_ORGANIZATION_INFORMATION_EFF=HRX_US_TRU_SQWL_RULES_AK)","Yes","HRC_YES_NO","Tax Reporting Unit For United States","Alaska State Quarterly Wage Listing Rules Overrides","Captures the wages reported to other states."
"Wage Plan Code","_WAGE_PLAN_CODE(PER_ORGANIZATION_INFORMATION_EFF=HRX_US_PSU_SQWL_RULES_CA)","Yes","HRX_US_WAGE_PLAN_CODE_CA","Payroll Statutory Unit For United States","California State Quarterly Wage Listing Rules","Captures the wage plan code."
"Wage Plan Code","_WAGE_PLAN_CODE(PER_ORGANIZATION_INFORMATION_EFF=HRX_US_TRU_SQWL_RULES_CA)","Yes","HRX_US_WAGE_PLAN_CODE_CA","Tax Reporting Unit For United States","California State Quarterly Wage Listing Rules Overrides","Captures the wage plan code."
"Wage Plan Code","_WAGE_PLAN_CODE_Display(PER_ORGANIZATION_INFORMATION_EFF=HRX_US_PSU_SQWL_RULES_CA)","Yes","HRX_US_WAGE_PLAN_CODE_CA","Payroll Statutory Unit For United States","California State Quarterly Wage Listing Rules","Captures the wage plan code."
"Wage Plan Code","_WAGE_PLAN_CODE_Display(PER_ORGANIZATION_INFORMATION_EFF=HRX_US_TRU_SQWL_RULES_CA)","Yes","HRX_US_WAGE_PLAN_CODE_CA","Tax Reporting Unit For United States","California State Quarterly Wage Listing Rules Overrides","Captures the wage plan code."
"WPS Employer Bank ID","_WPS_EMPLOYR_BANK_ID(PER_ORGANIZATION_INFORMATION_EFF=ORA_SA_PSU_WPS_INFO)","No","ORA_SA_10_CHAR","Payroll Statutory Unit For Saudi Arabia","Saudi Wage Protection System Information",""
"WPS Employer Bank Code","wpsEmployerBankCode(PER_ORGANIZATION_INFORMATION_EFF=ORA_HRX_AE_PSU_DETAILS)","No","ORA_HRX_AE_NUM_9","Payroll Statutory Unit For United Arab Emirates","Wage Protection System Info",""
"WPS Agent ID","wpsAgentId(PER_ORGANIZATION_INFORMATION_EFF=ORA_HRX_AE_PSU_DETAILS)","No","ORA_HRX_AE_NUM_9","Payroll Statutory Unit For United Arab Emirates","Wage Protection System Info",""
"W-2c Publish Month","W2CPortraitPublishMonth(PER_ORGANIZATION_INFORMATION_EFF=HRX_US_PSU_W2_FEDERAL_RULES)","No","ORA_HRX_US_W2_PORTRAIT_MONTH","Payroll Statutory Unit For United States","Federal W-2 Reporting Rules","Captures W2C publish month"
"W-2c Publish Month","W2CPortraitPublishMonth(PER_ORGANIZATION_INFORMATION_EFF=HRX_US_TRU_W2_FEDERAL_RULES)","No","ORA_HRX_US_W2_PORTRAIT_MONTH","Tax Reporting Unit For United States","Federal Year-End Reporting Rules",""
"W-2c Publish Month","W2CPortraitPublishMonth_Display(PER_ORGANIZATION_INFORMATION_EFF=HRX_US_PSU_W2_FEDERAL_RULES)","No","ORA_HRX_US_W2_PORTRAIT_MONTH","Payroll Statutory Unit For United States","Federal W-2 Reporting Rules","Captures W2C publish month"
"W-2c Publish Month","W2CPortraitPublishMonth_Display(PER_ORGANIZATION_INFORMATION_EFF=HRX_US_TRU_W2_FEDERAL_RULES)","No","ORA_HRX_US_W2_PORTRAIT_MONTH","Tax Reporting Unit For United States","Federal Year-End Reporting Rules",""
"W-2c Publish Day","W2CPortraitPublishDay(PER_ORGANIZATION_INFORMATION_EFF=HRX_US_PSU_W2_FEDERAL_RULES)","No","ORA_HRX_US_W2_PORTRAIT_DAY","Payroll Statutory Unit For United States","Federal W-2 Reporting Rules","Captures W2C publish day"
"W-2c Publish Day","W2CPortraitPublishDay(PER_ORGANIZATION_INFORMATION_EFF=HRX_US_TRU_W2_FEDERAL_RULES)","No","ORA_HRX_US_W2_PORTRAIT_DAY","Tax Reporting Unit For United States","Federal Year-End Reporting Rules",""
"W-2c Publish Day","W2CPortraitPublishDay_Display(PER_ORGANIZATION_INFORMATION_EFF=HRX_US_PSU_W2_FEDERAL_RULES)","No","ORA_HRX_US_W2_PORTRAIT_DAY","Payroll Statutory Unit For United States","Federal W-2 Reporting Rules","Captures W2C publish day"
"W-2c Publish Day","W2CPortraitPublishDay_Display(PER_ORGANIZATION_INFORMATION_EFF=HRX_US_TRU_W2_FEDERAL_RULES)","No","ORA_HRX_US_W2_PORTRAIT_DAY","Tax Reporting Unit For United States","Federal Year-End Reporting Rules",""
"W-2 Publish Month","portraitPublishMonth(PER_ORGANIZATION_INFORMATION_EFF=HRX_US_PSU_W2_FEDERAL_RULES)","No","ORA_HRX_US_W2_PORTRAIT_MONTH","Payroll Statutory Unit For United States","Federal W-2 Reporting Rules","Captures publish month"
"W-2 Publish Month","portraitPublishMonth_Display(PER_ORGANIZATION_INFORMATION_EFF=HRX_US_PSU_W2_FEDERAL_RULES)","No","ORA_HRX_US_W2_PORTRAIT_MONTH","Payroll Statutory Unit For United States","Federal W-2 Reporting Rules","Captures publish month"
"W-2 Publish Month","w2d2PortraitPublishMont(PER_ORGANIZATION_INFORMATION_EFF=HRX_US_TRU_W2_FEDERAL_RULES)","No","ORA_HRX_US_W2_PORTRAIT_MONTH","Tax Reporting Unit For United States","Federal Year-End Reporting Rules",""
"W-2 Publish Month","w2d2PortraitPublishMont_Display(PER_ORGANIZATION_INFORMATION_EFF=HRX_US_TRU_W2_FEDERAL_RULES)","No","ORA_HRX_US_W2_PORTRAIT_MONTH","Tax Reporting Unit For United States","Federal Year-End Reporting Rules",""
"W-2 Publish Day","w2d2PortraitPublishDay(PER_ORGANIZATION_INFORMATION_EFF=HRX_US_PSU_W2_FEDERAL_RULES)","No","ORA_HRX_US_W2_PORTRAIT_DAY","Payroll Statutory Unit For United States","Federal W-2 Reporting Rules","Captures W2 publish day"
"W-2 Publish Day","w2d2PortraitPublishDay1(PER_ORGANIZATION_INFORMATION_EFF=HRX_US_TRU_W2_FEDERAL_RULES)","No","ORA_HRX_US_W2_PORTRAIT_DAY","Tax Reporting Unit For United States","Federal Year-End Reporting Rules",""
"W-2 Publish Day","w2d2PortraitPublishDay1_Display(PER_ORGANIZATION_INFORMATION_EFF=HRX_US_TRU_W2_FEDERAL_RULES)","No","ORA_HRX_US_W2_PORTRAIT_DAY","Tax Reporting Unit For United States","Federal Year-End Reporting Rules",""
"W-2 Publish Day","w2d2PortraitPublishDay_Display(PER_ORGANIZATION_INFORMATION_EFF=HRX_US_PSU_W2_FEDERAL_RULES)","No","ORA_HRX_US_W2_PORTRAIT_DAY","Payroll Statutory Unit For United States","Federal W-2 Reporting Rules","Captures W2 publish day"
"Value","orahrxGbEeValue(PER_ORGANIZATION_INFORMATION_EFF=ORA_HRX_GB_PEN_SCHEMES_LEMP_DETAILS)","No","ORA_HRX_GB_PEN_EE_VALUE_VS","Legal Employer For United Kingdom","Pension Schemes",""
"Validation For Existing Subordinates Termination","validationExistingSubordinates(PER_ORGANIZATION_INFORMATION_EFF=ORA_EMPL_CONF)","No","ORA_FUT_DAT_VS","Enterprise","Employment Configuration Options","Enables an error or warning message during termination if subordinates exist."
"User Identification","_USER_IDENTIFICATION(PER_ORGANIZATION_INFORMATION_EFF=HRX_US_PSU_W2_FEDERAL_RULES)","No","HRC_CHAR_8","Payroll Statutory Unit For United States","Federal W-2 Reporting Rules","Captures the user identification."
"User Identification","_USER_IDENTIFICATION(PER_ORGANIZATION_INFORMATION_EFF=HRX_US_PSU_W2_RULES_AR)","No","HRC_CHAR_8","Payroll Statutory Unit For United States","Arkansas W-2 Reporting Rules","Captures the user identification."
"User Identification","_USER_IDENTIFICATION(PER_ORGANIZATION_INFORMATION_EFF=HRX_US_PSU_W2_RULES_AZ)","No","HRC_CHAR_8","Payroll Statutory Unit For United States","Arizona W-2 Reporting Rules","Captures the user identification."
"User Identification","_USER_IDENTIFICATION(PER_ORGANIZATION_INFORMATION_EFF=HRX_US_PSU_W2_RULES_CO)","No","HRC_CHAR_8","Payroll Statutory Unit For United States","Colorado W-2 Reporting Rules","Captures the user identification."
"User Identification","_USER_IDENTIFICATION(PER_ORGANIZATION_INFORMATION_EFF=HRX_US_PSU_W2_RULES_DC)","No","HRC_CHAR_8","Payroll Statutory Unit For United States","District of Columbia W-2 Reporting Rules","Captures the user identification."
"User Identification","_USER_IDENTIFICATION(PER_ORGANIZATION_INFORMATION_EFF=HRX_US_PSU_W2_RULES_DE)","No","HRC_CHAR_8","Payroll Statutory Unit For United States","Delaware W-2 Reporting Rules","Captures the user identification."
"User Identification","_USER_IDENTIFICATION(PER_ORGANIZATION_INFORMATION_EFF=HRX_US_PSU_W2_RULES_IA)","No","HRC_CHAR_8","Payroll Statutory Unit For United States","Iowa W-2 Reporting Rules","Captures the user identification."
"User Identification","_USER_IDENTIFICATION(PER_ORGANIZATION_INFORMATION_EFF=HRX_US_PSU_W2_RULES_ID)","No","HRC_CHAR_8","Payroll Statutory Unit For United States","Idaho W-2 Reporting Rules","Captures the user identification."
"User Identification","_USER_IDENTIFICATION(PER_ORGANIZATION_INFORMATION_EFF=HRX_US_PSU_W2_RULES_IL)","No","HRC_CHAR_8","Payroll Statutory Unit For United States","Illinois W-2 Reporting Rules","Captures the user identification."
"User Identification","_USER_IDENTIFICATION(PER_ORGANIZATION_INFORMATION_EFF=HRX_US_PSU_W2_RULES_KS)","No","HRC_CHAR_8","Payroll Statutory Unit For United States","Kansas W-2 Reporting Rules","Captures the user identification."
"User Identification","_USER_IDENTIFICATION(PER_ORGANIZATION_INFORMATION_EFF=HRX_US_PSU_W2_RULES_KY)","No","HRC_CHAR_8","Payroll Statutory Unit For United States","Kentucky W-2 Reporting Rules","Captures the user identification."
"User Identification","_USER_IDENTIFICATION(PER_ORGANIZATION_INFORMATION_EFF=HRX_US_PSU_W2_RULES_LA)","No","HRC_CHAR_8","Payroll Statutory Unit For United States","Louisiana W-2 Reporting Rules","Captures the user identification."
"User Identification","_USER_IDENTIFICATION(PER_ORGANIZATION_INFORMATION_EFF=HRX_US_PSU_W2_RULES_MD)","No","HRC_CHAR_8","Payroll Statutory Unit For United States","Maryland W-2 Reporting Rules","Captures the user identification."
"User Identification","_USER_IDENTIFICATION(PER_ORGANIZATION_INFORMATION_EFF=HRX_US_PSU_W2_RULES_ME)","No","HRC_CHAR_8","Payroll Statutory Unit For United States","Maine W-2 Reporting Rules","Captures the user identification."
"User Identification","_USER_IDENTIFICATION(PER_ORGANIZATION_INFORMATION_EFF=HRX_US_PSU_W2_RULES_MI)","No","HRC_CHAR_8","Payroll Statutory Unit For United States","Michigan W-2 Reporting Rules","Captures the user identification."
"User Identification","_USER_IDENTIFICATION(PER_ORGANIZATION_INFORMATION_EFF=HRX_US_PSU_W2_RULES_MN)","No","HRC_CHAR_8","Payroll Statutory Unit For United States","Minnesota W-2 Reporting Rules","Captures the user identification."
"User Identification","_USER_IDENTIFICATION(PER_ORGANIZATION_INFORMATION_EFF=HRX_US_PSU_W2_RULES_MS)","No","HRC_CHAR_8","Payroll Statutory Unit For United States","Mississippi W-2 Reporting Rules","Captures the user identification."
"User Identification","_USER_IDENTIFICATION(PER_ORGANIZATION_INFORMATION_EFF=HRX_US_PSU_W2_RULES_MT)","No","HRC_CHAR_8","Payroll Statutory Unit For United States","Montana W-2 Reporting Rules","Captures the user identification."
"User Identification","_USER_IDENTIFICATION(PER_ORGANIZATION_INFORMATION_EFF=HRX_US_PSU_W2_RULES_ND)","No","HRC_CHAR_8","Payroll Statutory Unit For United States","North Dakota W-2 Reporting Rules","Captures the user identification."
"User Identification","_USER_IDENTIFICATION(PER_ORGANIZATION_INFORMATION_EFF=HRX_US_PSU_W2_RULES_NE)","No","HRC_CHAR_8","Payroll Statutory Unit For United States","Nebraska W-2 Reporting Rules","Captures the user identification."
"User Identification","_USER_IDENTIFICATION(PER_ORGANIZATION_INFORMATION_EFF=HRX_US_PSU_W2_RULES_NJ)","No","HRC_CHAR_8","Payroll Statutory Unit For United States","New Jersey W-2 Reporting Rules","Captures the user identification."
"User Identification","_USER_IDENTIFICATION(PER_ORGANIZATION_INFORMATION_EFF=HRX_US_PSU_W2_RULES_NM)","No","HRC_CHAR_8","Payroll Statutory Unit For United States","New Mexico W-2 Reporting Rules","Captures the user identification."
"User Identification","_USER_IDENTIFICATION(PER_ORGANIZATION_INFORMATION_EFF=HRX_US_PSU_W2_RULES_OH)","No","HRC_CHAR_8","Payroll Statutory Unit For United States","Ohio W-2 Reporting Rules","Captures the user identification."
"User Identification","_USER_IDENTIFICATION(PER_ORGANIZATION_INFORMATION_EFF=HRX_US_PSU_W2_RULES_OR)","No","HRC_CHAR_8","Payroll Statutory Unit For United States","Oregon W-2 Reporting Rules","Captures the user identification."
"User Identification","_USER_IDENTIFICATION(PER_ORGANIZATION_INFORMATION_EFF=HRX_US_PSU_W2_RULES_PA)","No","HRC_CHAR_8","Payroll Statutory Unit For United States","Pennsylvania W-2 Reporting Rules","Captures the user identification."
"User Identification","_USER_IDENTIFICATION(PER_ORGANIZATION_INFORMATION_EFF=HRX_US_PSU_W2_RULES_PR)","No","HRC_CHAR_8","Payroll Statutory Unit For United States","Puerto Rico W-2 Reporting Rules","Captures the user identification."
"User Identification","_USER_IDENTIFICATION(PER_ORGANIZATION_INFORMATION_EFF=HRX_US_PSU_W2_RULES_RI)","No","HRC_CHAR_8","Payroll Statutory Unit For United States","Rhode Island W-2 Reporting Rules","Captures the user identification."
"User Identification","_USER_IDENTIFICATION(PER_ORGANIZATION_INFORMATION_EFF=HRX_US_PSU_W2_RULES_SC)","No","HRC_CHAR_8","Payroll Statutory Unit For United States","South Carolina W-2 Reporting Rules","Captures the user identification."
"User Identification","_USER_IDENTIFICATION(PER_ORGANIZATION_INFORMATION_EFF=HRX_US_PSU_W2_RULES_UT)","No","HRC_CHAR_8","Payroll Statutory Unit For United States","Utah W-2 Reporting Rules","Captures the user identification."
"User Identification","_USER_IDENTIFICATION(PER_ORGANIZATION_INFORMATION_EFF=HRX_US_PSU_W2_RULES_VI)","No","HRC_CHAR_8","Payroll Statutory Unit For United States","Virgin Islands W-2 Reporting Rules","Captures the user identification."
"User Identification","_USER_IDENTIFICATION(PER_ORGANIZATION_INFORMATION_EFF=HRX_US_PSU_W2_RULES_VT)","No","HRC_CHAR_8","Payroll Statutory Unit For United States","Vermont W-2 Reporting Rules","Captures the user identification."
"User Identification","_USER_IDENTIFICATION(PER_ORGANIZATION_INFORMATION_EFF=HRX_US_PSU_W2_RULES_WI)","No","HRC_CHAR_8","Payroll Statutory Unit For United States","Wisconsin W-2 Reporting Rules","Captures the user identification."
"User Identification","_USER_IDENTIFICATION(PER_ORGANIZATION_INFORMATION_EFF=HRX_US_PSU_W2_RULES_WV)","No","HRC_CHAR_8","Payroll Statutory Unit For United States","West Virginia W-2 Reporting Rules","Captures the user identification."
"User Identification","_USER_IDENTIFICATION(PER_ORGANIZATION_INFORMATION_EFF=HRX_US_TRU_W2_FEDERAL_RULES)","No","HRC_CHAR_8","Tax Reporting Unit For United States","Federal Year-End Reporting Rules","Captures the user identification."
"User Identification","_USER_IDENTIFICATION(PER_ORGANIZATION_INFORMATION_EFF=HRX_US_TRU_W2_RULES_AR)","No","HRC_CHAR_8","Tax Reporting Unit For United States","Arkansas W-2 Reporting Rules Overrides","Captures the user identification."
"User Identification","_USER_IDENTIFICATION(PER_ORGANIZATION_INFORMATION_EFF=HRX_US_TRU_W2_RULES_AZ)","No","HRC_CHAR_8","Tax Reporting Unit For United States","Arizona W-2 Reporting Rules Overrides","Captures the user identification."
"User Identification","_USER_IDENTIFICATION(PER_ORGANIZATION_INFORMATION_EFF=HRX_US_TRU_W2_RULES_CO)","No","HRC_CHAR_8","Tax Reporting Unit For United States","Colorado W-2 Reporting Rules Overrides","Captures the user identification."
"User Identification","_USER_IDENTIFICATION(PER_ORGANIZATION_INFORMATION_EFF=HRX_US_TRU_W2_RULES_DC)","No","HRC_CHAR_8","Tax Reporting Unit For United States","District of Columbia W-2 Reporting Rules Overrides","Captures the user identification."
"User Identification","_USER_IDENTIFICATION(PER_ORGANIZATION_INFORMATION_EFF=HRX_US_TRU_W2_RULES_DE)","No","HRC_CHAR_8","Tax Reporting Unit For United States","Delaware W-2 Reporting Rules Overrides","Captures the user identification."
"User Identification","_USER_IDENTIFICATION(PER_ORGANIZATION_INFORMATION_EFF=HRX_US_TRU_W2_RULES_IA)","No","HRC_CHAR_8","Tax Reporting Unit For United States","Iowa W-2 Reporting Rules Overrides","Captures the user identification."
"User Identification","_USER_IDENTIFICATION(PER_ORGANIZATION_INFORMATION_EFF=HRX_US_TRU_W2_RULES_ID)","No","HRC_CHAR_8","Tax Reporting Unit For United States","Idaho W-2 Reporting Rules Overrides","Captures the user identification."
"User Identification","_USER_IDENTIFICATION(PER_ORGANIZATION_INFORMATION_EFF=HRX_US_TRU_W2_RULES_IL)","No","HRC_CHAR_8","Tax Reporting Unit For United States","Illinois W-2 Reporting Rules Overrides","Captures the user identification."
"User Identification","_USER_IDENTIFICATION(PER_ORGANIZATION_INFORMATION_EFF=HRX_US_TRU_W2_RULES_KS)","No","HRC_CHAR_8","Tax Reporting Unit For United States","Kansas W-2 Reporting Rules Overrides","Captures the user identification."
"User Identification","_USER_IDENTIFICATION(PER_ORGANIZATION_INFORMATION_EFF=HRX_US_TRU_W2_RULES_KY)","No","HRC_CHAR_8","Tax Reporting Unit For United States","Kentucky W-2 Reporting Rules Overrides","Captures the user identification."
"User Identification","_USER_IDENTIFICATION(PER_ORGANIZATION_INFORMATION_EFF=HRX_US_TRU_W2_RULES_LA)","No","HRC_CHAR_8","Tax Reporting Unit For United States","Louisiana W-2 Reporting Rules Overrides","Captures the user identification."
"User Identification","_USER_IDENTIFICATION(PER_ORGANIZATION_INFORMATION_EFF=HRX_US_TRU_W2_RULES_MD)","No","HRC_CHAR_8","Tax Reporting Unit For United States","Maryland W-2 Reporting Rules Overrides","Captures the user identification."
"User Identification","_USER_IDENTIFICATION(PER_ORGANIZATION_INFORMATION_EFF=HRX_US_TRU_W2_RULES_ME)","No","HRC_CHAR_8","Tax Reporting Unit For United States","Maine W-2 Reporting Rules Overrides","Captures the user identification."
"User Identification","_USER_IDENTIFICATION(PER_ORGANIZATION_INFORMATION_EFF=HRX_US_TRU_W2_RULES_MI)","No","HRC_CHAR_8","Tax Reporting Unit For United States","Michigan W-2 Reporting Rules Overrides","Captures the user identification."
"User Identification","_USER_IDENTIFICATION(PER_ORGANIZATION_INFORMATION_EFF=HRX_US_TRU_W2_RULES_MN)","No","HRC_CHAR_8","Tax Reporting Unit For United States","Minnesota W-2 Reporting Rules Overrides","Captures the user identification."
"User Identification","_USER_IDENTIFICATION(PER_ORGANIZATION_INFORMATION_EFF=HRX_US_TRU_W2_RULES_MS)","No","HRC_CHAR_8","Tax Reporting Unit For United States","Mississippi W-2 Reporting Rules Overrides","Captures the user identification."
"User Identification","_USER_IDENTIFICATION(PER_ORGANIZATION_INFORMATION_EFF=HRX_US_TRU_W2_RULES_MT)","No","HRC_CHAR_8","Tax Reporting Unit For United States","Montana W-2 Reporting Rules Overrides","Captures the user identification."
"User Identification","_USER_IDENTIFICATION(PER_ORGANIZATION_INFORMATION_EFF=HRX_US_TRU_W2_RULES_ND)","No","HRC_CHAR_8","Tax Reporting Unit For United States","North Dakota W-2 Reporting Rules Overrides","Captures the user identification."
"User Identification","_USER_IDENTIFICATION(PER_ORGANIZATION_INFORMATION_EFF=HRX_US_TRU_W2_RULES_NE)","No","HRC_CHAR_8","Tax Reporting Unit For United States","Nebraska W-2 Reporting Rules Overrides","Captures the user identification."
"User Identification","_USER_IDENTIFICATION(PER_ORGANIZATION_INFORMATION_EFF=HRX_US_TRU_W2_RULES_NJ)","No","HRC_CHAR_8","Tax Reporting Unit For United States","New Jersey W-2 Reporting Rules Overrides","Captures the user identification."
"User Identification","_USER_IDENTIFICATION(PER_ORGANIZATION_INFORMATION_EFF=HRX_US_TRU_W2_RULES_NM)","No","HRC_CHAR_8","Tax Reporting Unit For United States","New Mexico W-2 Reporting Rules Overrides","Captures the user identification."
"User Identification","_USER_IDENTIFICATION(PER_ORGANIZATION_INFORMATION_EFF=HRX_US_TRU_W2_RULES_OH)","No","HRC_CHAR_8","Tax Reporting Unit For United States","Ohio W-2 Reporting Rules Overrides","Captures the user identification."
"User Identification","_USER_IDENTIFICATION(PER_ORGANIZATION_INFORMATION_EFF=HRX_US_TRU_W2_RULES_OR)","No","HRC_CHAR_8","Tax Reporting Unit For United States","Oregon W-2 Reporting Rules Overrides","Captures the user identification."
"User Identification","_USER_IDENTIFICATION(PER_ORGANIZATION_INFORMATION_EFF=HRX_US_TRU_W2_RULES_PA)","No","HRC_CHAR_8","Tax Reporting Unit For United States","Pennsylvania W-2 Reporting Rules Overrides","Captures the user identification."
"User Identification","_USER_IDENTIFICATION(PER_ORGANIZATION_INFORMATION_EFF=HRX_US_TRU_W2_RULES_PR)","No","HRC_CHAR_8","Tax Reporting Unit For United States","Puerto Rico W-2 Reporting Rules Overrides","Captures the user identification."
"User Identification","_USER_IDENTIFICATION(PER_ORGANIZATION_INFORMATION_EFF=HRX_US_TRU_W2_RULES_RI)","No","HRC_CHAR_8","Tax Reporting Unit For United States","Rhode Island W-2 Reporting Rules Overrides","Captures the user identification."
"User Identification","_USER_IDENTIFICATION(PER_ORGANIZATION_INFORMATION_EFF=HRX_US_TRU_W2_RULES_SC)","No","HRC_CHAR_8","Tax Reporting Unit For United States","South Carolina W-2 Reporting Rules Overrides","Captures the user identification."
"User Identification","_USER_IDENTIFICATION(PER_ORGANIZATION_INFORMATION_EFF=HRX_US_TRU_W2_RULES_UT)","No","HRC_CHAR_8","Tax Reporting Unit For United States","Utah W-2 Reporting Rules Overrides","Captures the user identification."
"User Identification","_USER_IDENTIFICATION(PER_ORGANIZATION_INFORMATION_EFF=HRX_US_TRU_W2_RULES_VI)","No","HRC_CHAR_8","Tax Reporting Unit For United States","Virgin Islands W-2 Reporting Rules Overrides","Captures the user identification."
"User Identification","_USER_IDENTIFICATION(PER_ORGANIZATION_INFORMATION_EFF=HRX_US_TRU_W2_RULES_VT)","No","HRC_CHAR_8","Tax Reporting Unit For United States","Vermont W-2 Reporting Rules Overrides","Captures the user identification."
"User Identification","_USER_IDENTIFICATION(PER_ORGANIZATION_INFORMATION_EFF=HRX_US_TRU_W2_RULES_WI)","No","HRC_CHAR_8","Tax Reporting Unit For United States","Wisconsin W-2 Reporting Rules Overrides","Captures the user identification."
"User Identification","_USER_IDENTIFICATION(PER_ORGANIZATION_INFORMATION_EFF=HRX_US_TRU_W2_RULES_WV)","No","HRC_CHAR_8","Tax Reporting Unit For United States","West Virginia W-2 Reporting Rules Overrides","Captures the user identification."
"User ID","_USER_ID(PER_ORGANIZATION_INFORMATION_EFF=HRX_US_PSU_SQWL_RULES_NH)","No","HRC_NUMBER_8","Payroll Statutory Unit For United States","New Hampshire State Quarterly Wage Listing Rules","Captures User ID for New Hampshire"
"User ID","_USER_ID(PER_ORGANIZATION_INFORMATION_EFF=HRX_US_TRU_SQWL_RULES_NH)","No","HRC_NUMBER_8","Tax Reporting Unit For United States","New Hampshire State Quarterly Wage Listing Rules Overrides","Captures User ID"
"User ID","userid(PER_ORGANIZATION_INFORMATION_EFF=HRX_US_TRU_EEO_REP_INF)","No","ORA_HRX_US_USER_ID","Tax Reporting Unit For United States","EEO Reporting Information","Captures User ID."
"User Account Role Provisioning","_PER_ENT_USER_ACC_ROLE_PROV(PER_ORGANIZATION_INFORMATION_EFF=PER_ENT_USER_ROLE_PROV_INFO)","No","PER_USER_ROLE_PROV_VS","Enterprise","User and Role Provisioning Information","The User Account Role Provisioning"
"User Account Role Provisioning","_PER_ENT_USER_ACC_ROLE_PROV_Display(PER_ORGANIZATION_INFORMATION_EFF=PER_ENT_USER_ROLE_PROV_INFO)","No","PER_USER_ROLE_PROV_VS","Enterprise","User and Role Provisioning Information","The User Account Role Provisioning"
"User Account Maintenance","_PER_ENT_USER_ACC_MAINT(PER_ORGANIZATION_INFORMATION_EFF=PER_ENT_USER_ROLE_PROV_INFO)","No","PER_USER_ROLE_PROV_VS","Enterprise","User and Role Provisioning Information","The User Account Maintenance"
"User Account Maintenance","_PER_ENT_USER_ACC_MAINT_Display(PER_ORGANIZATION_INFORMATION_EFF=PER_ENT_USER_ROLE_PROV_INFO)","No","PER_USER_ROLE_PROV_VS","Enterprise","User and Role Provisioning Information","The User Account Maintenance"
"User Account Creation for Terminated Workers","userAccountCreationFor(PER_ORGANIZATION_INFORMATION_EFF=PER_ENT_USER_ROLE_PROV_INFO)","No","HRC_YES_NO","Enterprise","User and Role Provisioning Information","The User Account Creation for Terminated Workers"
"User Account Creation","_PER_ENT_USER_ACC_CREATE(PER_ORGANIZATION_INFORMATION_EFF=PER_ENT_USER_ROLE_PROV_INFO)","No","PER_USER_ROLE_PROV_VS","Enterprise","User and Role Provisioning Information","The User Account Creation"
"User Account Creation","_PER_ENT_USER_ACC_CREATE_Display(PER_ORGANIZATION_INFORMATION_EFF=PER_ENT_USER_ROLE_PROV_INFO)","No","PER_USER_ROLE_PROV_VS","Enterprise","User and Role Provisioning Information","The User Account Creation"
"Use Work Schedule to Derive Dates","oraHrxCaRoeWorkSchedule(PER_ORGANIZATION_INFORMATION_EFF=ORA_HRX_CA_PSU_ROE_OCPTION)","No","HRC_YES_NO","Payroll Statutory Unit For Canada","Record of Employment Reporting Rules","Determines whether the ROE process derives required dates from the employee work schedule."
"Use Work Schedule to Derive Dates","oraHrxCaRoeWorkSchedule_Display(PER_ORGANIZATION_INFORMATION_EFF=ORA_HRX_CA_PSU_ROE_OCPTION)","No","HRC_YES_NO","Payroll Statutory Unit For Canada","Record of Employment Reporting Rules","Determines whether the ROE process derives required dates from the employee work schedule."
"Use Position Trees","UsePositionTrees(PER_ORGANIZATION_INFORMATION_EFF=ORA_PER_POS_HIER_CONFIG)","No","ORA_PER_EMCOR_YES_NO","Enterprise","Position Hierarchy Configuration",""
"Use Position Standard Working Hours","oraPerUsePosStdWrkingHrs(PER_ORGANIZATION_INFORMATION_EFF=ORA_PER_ASG_STANDARD_WORKING_HOURS)","No","PER_YES_NO","Enterprise","Standard Working Hours Configuration","The Use Position Standard Working Hours"
"Use HCM Position Hierarchy","UseHcmPositionHierarchy(PER_ORGANIZATION_INFORMATION_EFF=ORA_PER_POS_HIER_CONFIG)","No","ORA_PER_EMCOR_YES_NO","Enterprise","Position Hierarchy Configuration",""
"Unprocessed Event Retention Period","oraHrxCaRoeEventRetnPeriod(PER_ORGANIZATION_INFORMATION_EFF=ORA_HRX_CA_PSU_ROE_OCPTION)","No","ORA_HRX_CA_ROE_EVENT_RETN_PERIOD","Payroll Statutory Unit For Canada","Record of Employment Reporting Rules","Enter the number of days to retain unprocessed ROE events, with a minimum retention period of 30 days."
"Unique Segment Identifier","oraHrxCaAbUnique(PER_ORGANIZATION_INFORMATION_EFF=ORA_HRX_CA_PSU_WC_AB_DETAIL)","Yes","HRC_NUMBER_20","Payroll Statutory Unit For Canada","Alberta Account Details","Unique Key segment for the context."
"Unique Segment Identifier","oraHrxCaBcPmUnique(PER_ORGANIZATION_INFORMATION_EFF=ORA_HRX_CA_PSU_PM_BC_DETAIL)","Yes","HRC_NUMBER_20","Payroll Statutory Unit For Canada","British Columbia Provincial Medical Account Details","Identifies the segment Uniquely"
"Unique Segment Identifier","oraHrxCaBcUnique(PER_ORGANIZATION_INFORMATION_EFF=ORA_HRX_CA_PSU_WC_BC_DETAIL)","Yes","HRC_NUMBER_20","Payroll Statutory Unit For Canada","British Columbia Account Details","Unique key segment for the context."
"Unique Segment Identifier","oraHrxCaMbPmUnique(PER_ORGANIZATION_INFORMATION_EFF=ORA_HRX_CA_PSU_PM_MB_DETAIL)","Yes","HRC_NUMBER_20","Payroll Statutory Unit For Canada","Manitoba Provincial Medical Account Details","Identifies the segment Uniquely"
"Unique Segment Identifier","oraHrxCaMbUnique(PER_ORGANIZATION_INFORMATION_EFF=ORA_HRX_CA_PSU_WC_MB_DETAIL)","Yes","HRC_NUMBER_20","Payroll Statutory Unit For Canada","Manitoba Account Details","Unique key segment for the context"
"Unique Segment Identifier","oraHrxCaNbUnique(PER_ORGANIZATION_INFORMATION_EFF=ORA_HRX_CA_PSU_WC_NB_DETAIL)","Yes","HRC_NUMBER_20","Payroll Statutory Unit For Canada","New Brunswick Account Details","Unique key segment for the context"
"Unique Segment Identifier","oraHrxCaNlPmUnique(PER_ORGANIZATION_INFORMATION_EFF=ORA_HRX_CA_PSU_PM_NL_DETAIL)","Yes","HRC_NUMBER_20","Payroll Statutory Unit For Canada","Newfoundland and Labrador Provincial Medical Account Details","Identifies the segment Uniquely"
"Unique Segment Identifier","oraHrxCaNlUnique(PER_ORGANIZATION_INFORMATION_EFF=ORA_HRX_CA_PSU_WC_NL_DETAIL)","Yes","HRC_NUMBER_20","Payroll Statutory Unit For Canada","Newfoundland and Labrador Account Details","Unique key segment for context"
"Unique Segment Identifier","oraHrxCaNsUnique(PER_ORGANIZATION_INFORMATION_EFF=ORA_HRX_CA_PSU_WC_NS_DETAIL)","Yes","HRC_NUMBER_20","Payroll Statutory Unit For Canada","Nova Scotia Account Details","Unique key segment for the context"
"Unique Segment Identifier","oraHrxCaNtUnique(PER_ORGANIZATION_INFORMATION_EFF=ORA_HRX_CA_PSU_WC_NT_DETAIL)","Yes","HRC_NUMBER_20","Payroll Statutory Unit For Canada","Northwest Territories Account Details","Unique key segment for the context"
"Unique Segment Identifier","oraHrxCaNuUnique(PER_ORGANIZATION_INFORMATION_EFF=ORA_HRX_CA_PSU_WC_NU_DETAIL)","Yes","HRC_NUMBER_20","Payroll Statutory Unit For Canada","Nunavut Account Details","Unique key segment for the context."
"Unique Segment Identifier","oraHrxCaOnPmUnique(PER_ORGANIZATION_INFORMATION_EFF=ORA_HRX_CA_PSU_PM_ON_DETAIL)","Yes","HRC_NUMBER_20","Payroll Statutory Unit For Canada","Ontario Provincial Medical Account Details","Identifies the segment Uniquely"
"Unique Segment Identifier","oraHrxCaOnUnique(PER_ORGANIZATION_INFORMATION_EFF=ORA_HRX_CA_PSU_WC_ON_DETAIL)","Yes","HRC_NUMBER_20","Payroll Statutory Unit For Canada","Ontario Account Details","Unique key segment for the context"
"Unique Segment Identifier","oraHrxCaPeUnique(PER_ORGANIZATION_INFORMATION_EFF=ORA_HRX_CA_PSU_WC_PE_DETAIL)","Yes","HRC_NUMBER_20","Payroll Statutory Unit For Canada","Prince Edward Island Account Details","Unique key segment for the context."
"Unique Segment Identifier","oraHrxCaQcUnique(PER_ORGANIZATION_INFORMATION_EFF=ORA_HRX_CA_PSU_WC_QC_DETAIL)","Yes","HRC_NUMBER_20","Payroll Statutory Unit For Canada","Quebec Account Details","Unique key segment for the context."
"Unique Segment Identifier","oraHrxCaSkUnique(PER_ORGANIZATION_INFORMATION_EFF=ORA_HRX_CA_PSU_WC_SK_DETAIL)","Yes","HRC_NUMBER_20","Payroll Statutory Unit For Canada","Saskatchewan Account Details","Unique key segment for the context"
"Unique Segment Identifier","oraHrxCaYtUnique(PER_ORGANIZATION_INFORMATION_EFF=ORA_HRX_CA_PSU_WC_YT_DETAIL)","Yes","HRC_NUMBER_20","Payroll Statutory Unit For Canada","Yukon Account Details","Unique key segment for the context."
"Unique ID List","_UNIQUE_ID_LIST(PER_ORGANIZATION_INFORMATION_EFF=HRX_GB_TRU_INFO)","No","HRX_GB_UNIQUE_ID_LOOKUPS","Tax Reporting Unit UK","UK Tax Reporting Unit Information","Name of the user-defined lookup type that is used to store the Unique IDs."
"Union, Bargaining Unit and Collective Agreement","bargainingUnit(PER_ORGANIZATION_INFORMATION_EFF=ORA_PER_POS_SYNC_ATTRS)","No","ORA_PER_EMCOR_YES_NO","Enterprise","Position Synchronization Configuration","The Bargaining Unit"
"Union, Bargaining Unit and Collective Agreement","bargainingUnit(PER_ORGANIZATION_INFORMATION_EFF=ORA_PER_POS_SYNC_LEMP_ATTRS)","No","ORA_PER_EMCOR_YES_NO","Legal Employer","Position Synchronization Configuration for Legal Employer","The Bargaining Unit"
"Unemployment Contribution Amount Due","_UNEMP_CONTRIBUTION_AMT_DUE(PER_ORGANIZATION_INFORMATION_EFF=HRX_US_TRU_SQWL_RULES_VT)","Yes","HRC_NUMBER_11","Tax Reporting Unit For United States","Vermont State Quarterly Wage Listing Rules Overrides","Captures Unemployment Contribution Amount Due for Vermont"
"Unemployment Agency Center Location","unemploymentAgencyCenter(PER_ORGANIZATION_INFORMATION_EFF=HRX_FR_TRU_CORPORATE_INFO)","No","ORA_HRX_FR_POLE_EMPLOI","Tax Reporting Unit For France","French Establishment Information","This segment captures France Unemployment Agency Center Location"
"Unemployment Agency Center Location","unemploymentAgencyCenter_Display(PER_ORGANIZATION_INFORMATION_EFF=HRX_FR_TRU_CORPORATE_INFO)","No","ORA_HRX_FR_POLE_EMPLOI","Tax Reporting Unit For France","French Establishment Information","This segment captures France Unemployment Agency Center Location"
"URSSAF Center Location","_URSSAF_CENTER_LOC(PER_ORGANIZATION_INFORMATION_EFF=HRX_FR_TRU_CORPORATE_INFO)","No","HRX_FR_URSSAF_CENTER","Tax Reporting Unit For France","French Establishment Information","This segment captures France URSSAF Center Location"
"URSSAF Center Location","_URSSAF_CENTER_LOC_Display(PER_ORGANIZATION_INFORMATION_EFF=HRX_FR_TRU_CORPORATE_INFO)","No","HRX_FR_URSSAF_CENTER","Tax Reporting Unit For France","French Establishment Information","This segment captures France URSSAF Center Location"
"UOM","orahrxGbEeUom(PER_ORGANIZATION_INFORMATION_EFF=ORA_HRX_GB_PEN_SCHEMES_LEMP_DETAILS)","No","ORA_HRX_GB_PEN_EE_UOM_VS","Legal Employer For United Kingdom","Pension Schemes",""
"UOM","orahrxGbEeUom_Display(PER_ORGANIZATION_INFORMATION_EFF=ORA_HRX_GB_PEN_SCHEMES_LEMP_DETAILS)","No","ORA_HRX_GB_PEN_EE_UOM_VS","Legal Employer For United Kingdom","Pension Schemes",""
"Type of Reporting Organization","_ORG_REPORTING_TYPE(PER_ORGANIZATION_INFORMATION_EFF=HRX_US_LEMP_VETS_RULES)","Yes","HRX_US_ORG_TYPE_VETS","Legal Employer For United States","VETS Reporting Rules","Captures the Type of Reporting Organization"
"Type of Reporting Organization","_REPORTING_ORGANIZATION_TYPE(PER_ORGANIZATION_INFORMATION_EFF=HRX_US_TRU_VETS_FEDERAL_RULES)","Yes","HRX_US_ORG_TYPE_VETS","Tax Reporting Unit For United States","VETS Reporting Information","Captures type of reporting organization."
"Type of Information","_TYPE_OF_INFORMATION(PER_ORGANIZATION_INFORMATION_EFF=HRX_US_TRU_SQWL_RULES_MT)","Yes","HRX_US_TYPE_OF_INFO_MT","Tax Reporting Unit For United States","Montana State Quarterly Wage Listing Rules Overrides","Captures Type of Information."
"Type of Information","_TYPE_OF_INFORMATION_Display(PER_ORGANIZATION_INFORMATION_EFF=HRX_US_TRU_SQWL_RULES_MT)","Yes","HRX_US_TYPE_OF_INFO_MT","Tax Reporting Unit For United States","Montana State Quarterly Wage Listing Rules Overrides","Captures Type of Information."
"Type of Government","typeOfGovernment(PER_ORGANIZATION_INFORMATION_EFF=ORA_HRX_US_LEMP_EEO4_REP_INF)","No","ORA_HRX_US_EEO4_GOVERNMENT_TYPE","Legal Employer For United States","EEO-4 Reporting Information",""
"Type of Government","typeOfGovernment_Display(PER_ORGANIZATION_INFORMATION_EFF=ORA_HRX_US_LEMP_EEO4_REP_INF)","No","ORA_HRX_US_EEO4_GOVERNMENT_TYPE","Legal Employer For United States","EEO-4 Reporting Information",""
"Type of Employment","_EMPLOYMENT_CODE(PER_ORGANIZATION_INFORMATION_EFF=HRX_US_TRU_W2_FEDERAL_RULES)","Yes","HRX_US_FED_TYPE_EMPLOYMENT","Tax Reporting Unit For United States","Federal Year-End Reporting Rules","Captures the Type of Employment."
"Type of Employment","_EMPLOYMENT_CODE_Display(PER_ORGANIZATION_INFORMATION_EFF=HRX_US_TRU_W2_FEDERAL_RULES)","Yes","HRX_US_FED_TYPE_EMPLOYMENT","Tax Reporting Unit For United States","Federal Year-End Reporting Rules","Captures the Type of Employment."
"Type of Employment","_TYPE_OF_EMPLOYMENT(PER_ORGANIZATION_INFORMATION_EFF=HRX_US_PSU_SQWL_RULES_AR)","No","HRX_US_TYPE_EMPLOYMENT","Payroll Statutory Unit For United States","Arkansas State Quarterly Wage Listing Rules","Captures the type of employment."
"Type of Employment","_TYPE_OF_EMPLOYMENT(PER_ORGANIZATION_INFORMATION_EFF=HRX_US_PSU_SQWL_RULES_CT)","Yes","HRX_US_TYPE_EMPLOYMENT_CT","Payroll Statutory Unit For United States","Connecticut State Quarterly Wage Listing Rules","Captures the type of employment."
"Type of Employment","_TYPE_OF_EMPLOYMENT(PER_ORGANIZATION_INFORMATION_EFF=HRX_US_PSU_SQWL_RULES_IA)","Yes","HRX_US_TYPE_EMPLOYMENT_CT","Payroll Statutory Unit For United States","Iowa State Quarterly Wage Listing Rules","Captures the type of employment"
"Type of Employment","_TYPE_OF_EMPLOYMENT(PER_ORGANIZATION_INFORMATION_EFF=HRX_US_PSU_SQWL_RULES_NH)","No","HRX_US_FED_TYPE_EMPLOYMENT","Payroll Statutory Unit For United States","New Hampshire State Quarterly Wage Listing Rules","Captures Type of Employment"
"Type of Employment","_TYPE_OF_EMPLOYMENT(PER_ORGANIZATION_INFORMATION_EFF=HRX_US_PSU_SQWL_RULES_PA)","Yes","HRX_US_TYPE_EMPLOYMENT","Payroll Statutory Unit For United States","Pennsylvania State Quarterly Wage Listing Rules","Captures the type of employment."
"Type of Employment","_TYPE_OF_EMPLOYMENT(PER_ORGANIZATION_INFORMATION_EFF=HRX_US_PSU_SQWL_RULES_SC)","Yes","HRX_US_TYPE_EMPLOYMENT","Payroll Statutory Unit For United States","South Carolina State Quarterly Wage Listing Rules","Captures Type of Employment."
"Type of Employment","_TYPE_OF_EMPLOYMENT(PER_ORGANIZATION_INFORMATION_EFF=HRX_US_PSU_W2_FEDERAL_RULES)","Yes","HRX_US_FED_TYPE_EMPLOYMENT","Payroll Statutory Unit For United States","Federal W-2 Reporting Rules","Captures Type of Employment"
"Type of Employment","_TYPE_OF_EMPLOYMENT(PER_ORGANIZATION_INFORMATION_EFF=HRX_US_TRU_SQWL_RULES_AR)","No","HRX_US_TYPE_EMPLOYMENT","Tax Reporting Unit For United States","Arkansas State Quarterly Wage Listing Rules Overrides","Captures the type of employment."
"Type of Employment","_TYPE_OF_EMPLOYMENT(PER_ORGANIZATION_INFORMATION_EFF=HRX_US_TRU_SQWL_RULES_CT)","Yes","HRX_US_TYPE_EMPLOYMENT_CT","Tax Reporting Unit For United States","Connecticut State Quarterly Wage Listing Rules Overrides","Captures the type of employment."
"Type of Employment","_TYPE_OF_EMPLOYMENT(PER_ORGANIZATION_INFORMATION_EFF=HRX_US_TRU_SQWL_RULES_NH)","No","HRX_US_FED_TYPE_EMPLOYMENT","Tax Reporting Unit For United States","New Hampshire State Quarterly Wage Listing Rules Overrides","Captures Type of Employment"
"Type of Employment","_TYPE_OF_EMPLOYMENT(PER_ORGANIZATION_INFORMATION_EFF=HRX_US_TRU_SQWL_RULES_PA)","Yes","HRX_US_TYPE_EMPLOYMENT","Tax Reporting Unit For United States","Pennsylvania State Quarterly Wage Listing Rules Overrides","Captures the type of employment."
"Type of Employment","_TYPE_OF_EMPLOYMENT(PER_ORGANIZATION_INFORMATION_EFF=HRX_US_TRU_SQWL_RULES_SC)","Yes","HRX_US_TYPE_EMPLOYMENT","Tax Reporting Unit For United States","South Carolina State Quarterly Wage Listing Rules Overrides","Captures Type of Employment."
"Type of Employment","_TYPE_OF_EMPLOYMENT_Display(PER_ORGANIZATION_INFORMATION_EFF=HRX_US_PSU_SQWL_RULES_AR)","No","HRX_US_TYPE_EMPLOYMENT","Payroll Statutory Unit For United States","Arkansas State Quarterly Wage Listing Rules","Captures the type of employment."
"Type of Employment","_TYPE_OF_EMPLOYMENT_Display(PER_ORGANIZATION_INFORMATION_EFF=HRX_US_PSU_SQWL_RULES_CT)","Yes","HRX_US_TYPE_EMPLOYMENT_CT","Payroll Statutory Unit For United States","Connecticut State Quarterly Wage Listing Rules","Captures the type of employment."
"Type of Employment","_TYPE_OF_EMPLOYMENT_Display(PER_ORGANIZATION_INFORMATION_EFF=HRX_US_PSU_SQWL_RULES_IA)","Yes","HRX_US_TYPE_EMPLOYMENT_CT","Payroll Statutory Unit For United States","Iowa State Quarterly Wage Listing Rules","Captures the type of employment"
"Type of Employment","_TYPE_OF_EMPLOYMENT_Display(PER_ORGANIZATION_INFORMATION_EFF=HRX_US_PSU_SQWL_RULES_NH)","No","HRX_US_FED_TYPE_EMPLOYMENT","Payroll Statutory Unit For United States","New Hampshire State Quarterly Wage Listing Rules","Captures Type of Employment"
"Type of Employment","_TYPE_OF_EMPLOYMENT_Display(PER_ORGANIZATION_INFORMATION_EFF=HRX_US_PSU_SQWL_RULES_PA)","Yes","HRX_US_TYPE_EMPLOYMENT","Payroll Statutory Unit For United States","Pennsylvania State Quarterly Wage Listing Rules","Captures the type of employment."
"Type of Employment","_TYPE_OF_EMPLOYMENT_Display(PER_ORGANIZATION_INFORMATION_EFF=HRX_US_PSU_SQWL_RULES_SC)","Yes","HRX_US_TYPE_EMPLOYMENT","Payroll Statutory Unit For United States","South Carolina State Quarterly Wage Listing Rules","Captures Type of Employment."
"Type of Employment","_TYPE_OF_EMPLOYMENT_Display(PER_ORGANIZATION_INFORMATION_EFF=HRX_US_PSU_W2_FEDERAL_RULES)","Yes","HRX_US_FED_TYPE_EMPLOYMENT","Payroll Statutory Unit For United States","Federal W-2 Reporting Rules","Captures Type of Employment"
"Type of Employment","_TYPE_OF_EMPLOYMENT_Display(PER_ORGANIZATION_INFORMATION_EFF=HRX_US_TRU_SQWL_RULES_AR)","No","HRX_US_TYPE_EMPLOYMENT","Tax Reporting Unit For United States","Arkansas State Quarterly Wage Listing Rules Overrides","Captures the type of employment."
"Type of Employment","_TYPE_OF_EMPLOYMENT_Display(PER_ORGANIZATION_INFORMATION_EFF=HRX_US_TRU_SQWL_RULES_CT)","Yes","HRX_US_TYPE_EMPLOYMENT_CT","Tax Reporting Unit For United States","Connecticut State Quarterly Wage Listing Rules Overrides","Captures the type of employment."
"Type of Employment","_TYPE_OF_EMPLOYMENT_Display(PER_ORGANIZATION_INFORMATION_EFF=HRX_US_TRU_SQWL_RULES_NH)","No","HRX_US_FED_TYPE_EMPLOYMENT","Tax Reporting Unit For United States","New Hampshire State Quarterly Wage Listing Rules Overrides","Captures Type of Employment"
"Type of Employment","_TYPE_OF_EMPLOYMENT_Display(PER_ORGANIZATION_INFORMATION_EFF=HRX_US_TRU_SQWL_RULES_PA)","Yes","HRX_US_TYPE_EMPLOYMENT","Tax Reporting Unit For United States","Pennsylvania State Quarterly Wage Listing Rules Overrides","Captures the type of employment."
"Type of Employment","_TYPE_OF_EMPLOYMENT_Display(PER_ORGANIZATION_INFORMATION_EFF=HRX_US_TRU_SQWL_RULES_SC)","Yes","HRX_US_TYPE_EMPLOYMENT","Tax Reporting Unit For United States","South Carolina State Quarterly Wage Listing Rules Overrides","Captures Type of Employment."
"Type of Employer","_HRX_US_W2_FED_EMP_KIND(PER_ORGANIZATION_INFORMATION_EFF=HRX_US_PSU_W2_FEDERAL_RULES)","Yes","HRX_US_W2_FED_EMP_KIND","Payroll Statutory Unit For United States","Federal W-2 Reporting Rules","Captures the Type of Employer"
"Type of Employer","_HRX_US_W2_FED_EMP_KIND(PER_ORGANIZATION_INFORMATION_EFF=HRX_US_TRU_W2_FEDERAL_RULES)","Yes","HRX_US_W2_FED_EMP_KIND","Tax Reporting Unit For United States","Federal Year-End Reporting Rules","Captures the type of Employer at Federal Section"
"Type of Employer","_HRX_US_W2_FED_EMP_KIND_Display(PER_ORGANIZATION_INFORMATION_EFF=HRX_US_PSU_W2_FEDERAL_RULES)","Yes","HRX_US_W2_FED_EMP_KIND","Payroll Statutory Unit For United States","Federal W-2 Reporting Rules","Captures the Type of Employer"
"Type of Employer","_HRX_US_W2_FED_EMP_KIND_Display(PER_ORGANIZATION_INFORMATION_EFF=HRX_US_TRU_W2_FEDERAL_RULES)","Yes","HRX_US_W2_FED_EMP_KIND","Tax Reporting Unit For United States","Federal Year-End Reporting Rules","Captures the type of Employer at Federal Section"
"Type of Employer","_TYPE_OF_EMPLOYER(PER_ORGANIZATION_INFORMATION_EFF=HRX_US_PSU_SQWL_RULES_NH)","Yes","HRX_US_W2_FED_EMP_KIND","Payroll Statutory Unit For United States","New Hampshire State Quarterly Wage Listing Rules","Captures Type of Employer"
"Type of Employer","_TYPE_OF_EMPLOYER(PER_ORGANIZATION_INFORMATION_EFF=HRX_US_TRU_SQWL_RULES_NH)","Yes","HRX_US_W2_FED_EMP_KIND","Tax Reporting Unit For United States","New Hampshire State Quarterly Wage Listing Rules Overrides","Captures Type of Employer"
"Type of Employer","_TYPE_OF_EMPLOYER_Display(PER_ORGANIZATION_INFORMATION_EFF=HRX_US_PSU_SQWL_RULES_NH)","Yes","HRX_US_W2_FED_EMP_KIND","Payroll Statutory Unit For United States","New Hampshire State Quarterly Wage Listing Rules","Captures Type of Employer"
"Type of Employer","_TYPE_OF_EMPLOYER_Display(PER_ORGANIZATION_INFORMATION_EFF=HRX_US_TRU_SQWL_RULES_NH)","Yes","HRX_US_W2_FED_EMP_KIND","Tax Reporting Unit For United States","New Hampshire State Quarterly Wage Listing Rules Overrides","Captures Type of Employer"
"Type","type(PER_ORGANIZATION_INFORMATION_EFF=ORA_HRX_US_LOCAL_BALANCE)","No","ORA_HRX_US_ARCHIVE_TYPE","Enterprise","US Balance Definition","This field is used to capture information to identify the means by which local taxes are going to be captured"
"Type","type_Display(PER_ORGANIZATION_INFORMATION_EFF=ORA_HRX_US_LOCAL_BALANCE)","No","ORA_HRX_US_ARCHIVE_TYPE","Enterprise","US Balance Definition","This field is used to capture information to identify the means by which local taxes are going to be captured"
"Trustee Short Name","_TRUSTEE_SHORT_NAME(PER_ORGANIZATION_INFORMATION_EFF=HRX_HK_MPF_SCHEMES)","Yes","HRC_CHAR_6","Payroll Statutory Unit For Hong Kong","MPF Scheme Information","MPF trustee short name."
"Trustee Number","_TRUSTEE_NUMBER(PER_ORGANIZATION_INFORMATION_EFF=HRX_HK_MPF_SCHEMES)","No","HRC_CHAR_30","Payroll Statutory Unit For Hong Kong","MPF Scheme Information","MPF trustee number."
"Trust Classification","_TRUST_CALSS(PER_ORGANIZATION_INFORMATION_EFF=HRX_IN_TRU_PF_INFO)","No","HRX_IN_PF_CLASSIFICATION","Tax Reporting Unit For India","Provident Fund Basic Information",""
"Trust Classification","_TRUST_CALSS_Display(PER_ORGANIZATION_INFORMATION_EFF=HRX_IN_TRU_PF_INFO)","No","HRX_IN_PF_CLASSIFICATION","Tax Reporting Unit For India","Provident Fund Basic Information",""
"Transmitter Type","_TRANSMITTER_TYPE(PER_ORGANIZATION_INFORMATION_EFF=HRX_CA_TRU_RL1_RULES_QC)","No","HRX_CA_QUEBEC_TRANS_TYPE","Tax Reporting Unit For Canada","RL-1 Interface Rules","Captures for whom the submission is made for Quebec year end reporting."
"Transmitter Type","_TRANSMITTER_TYPE(PER_ORGANIZATION_INFORMATION_EFF=HRX_CA_TRU_RL2_RULES_QC)","No","HRX_CA_QUEBEC_TRANS_TYPE","Tax Reporting Unit For Canada","RL-2 Interface Rules","Captures for whom the submission is made for Quebec year end reporting."
"Transmitter Type","_TRANSMITTER_TYPE_Display(PER_ORGANIZATION_INFORMATION_EFF=HRX_CA_TRU_RL1_RULES_QC)","No","HRX_CA_QUEBEC_TRANS_TYPE","Tax Reporting Unit For Canada","RL-1 Interface Rules","Captures for whom the submission is made for Quebec year end reporting."
"Transmitter Type","_TRANSMITTER_TYPE_Display(PER_ORGANIZATION_INFORMATION_EFF=HRX_CA_TRU_RL2_RULES_QC)","No","HRX_CA_QUEBEC_TRANS_TYPE","Tax Reporting Unit For Canada","RL-2 Interface Rules","Captures for whom the submission is made for Quebec year end reporting."
"Transmitter TRU Name","_TRANSMITTER_NAME(PER_ORGANIZATION_INFORMATION_EFF=HRX_US_TRU_MWR_RULES)","No","HRX_US_TRU_MWR_TRANSMITTER","Tax Reporting Unit For United States","State Quarterly Wage Listing Rules Overrides","Captures the name of the Transmitter TRU for this TRU."
"Transmitter TRU Name","_TRANSMITTER_NAME(PER_ORGANIZATION_INFORMATION_EFF=HRX_US_TRU_W2_FEDERAL_RULES)","No","HRX_US_TRU_W2_FEDERAL_RULES_TRANSMITTER","Tax Reporting Unit For United States","Federal Year-End Reporting Rules","Captures Transmitter TRU Name details"
"Transmitter TRU Name","_TRANSMITTER_NAME_Display(PER_ORGANIZATION_INFORMATION_EFF=HRX_US_TRU_MWR_RULES)","No","HRX_US_TRU_MWR_TRANSMITTER","Tax Reporting Unit For United States","State Quarterly Wage Listing Rules Overrides","Captures the name of the Transmitter TRU for this TRU."
"Transmitter TRU Name","_TRANSMITTER_NAME_Display(PER_ORGANIZATION_INFORMATION_EFF=HRX_US_TRU_W2_FEDERAL_RULES)","No","HRX_US_TRU_W2_FEDERAL_RULES_TRANSMITTER","Tax Reporting Unit For United States","Federal Year-End Reporting Rules","Captures Transmitter TRU Name details"
"Transmitter TRU","TransmitterFlag(PER_ORGANIZATION_INFORMATION_EFF=HRX_CA_TRU_RL1_RULES_QC)","No","HRC_YES_NO","Tax Reporting Unit For Canada","RL-1 Interface Rules","Captures whether this Provincial Reporting Establishment is designated as a transmitter for year end reporting."
"Transmitter TRU","TransmitterFlag(PER_ORGANIZATION_INFORMATION_EFF=HRX_CA_TRU_RL2_RULES_QC)","No","HRC_YES_NO","Tax Reporting Unit For Canada","RL-2 Interface Rules","Captures whether this Provincial Reporting Establishment is designated as a transmitter for year end reporting."
"Transmitter TRU","TransmitterFlag(PER_ORGANIZATION_INFORMATION_EFF=HRX_CA_TRU_T4A_RULES)","No","HRC_YES_NO","Tax Reporting Unit For Canada","T4A Interface Rules","Captures whether this Tax Reporting Unit is designated as a transmitter for year end reporting."
"Transmitter TRU","TransmitterFlag(PER_ORGANIZATION_INFORMATION_EFF=HRX_CA_TRU_T4_RULES)","No","HRC_YES_NO","Tax Reporting Unit For Canada","T4 Interface Rules","Captures whether this Tax Reporting Unit is designated as a transmitter for year end reporting."
"Transmitter TRU","TransmitterFlag_Display(PER_ORGANIZATION_INFORMATION_EFF=HRX_CA_TRU_RL1_RULES_QC)","No","HRC_YES_NO","Tax Reporting Unit For Canada","RL-1 Interface Rules","Captures whether this Provincial Reporting Establishment is designated as a transmitter for year end reporting."
"Transmitter TRU","TransmitterFlag_Display(PER_ORGANIZATION_INFORMATION_EFF=HRX_CA_TRU_RL2_RULES_QC)","No","HRC_YES_NO","Tax Reporting Unit For Canada","RL-2 Interface Rules","Captures whether this Provincial Reporting Establishment is designated as a transmitter for year end reporting."
"Transmitter TRU","TransmitterFlag_Display(PER_ORGANIZATION_INFORMATION_EFF=HRX_CA_TRU_T4A_RULES)","No","HRC_YES_NO","Tax Reporting Unit For Canada","T4A Interface Rules","Captures whether this Tax Reporting Unit is designated as a transmitter for year end reporting."
"Transmitter TRU","TransmitterFlag_Display(PER_ORGANIZATION_INFORMATION_EFF=HRX_CA_TRU_T4_RULES)","No","HRC_YES_NO","Tax Reporting Unit For Canada","T4 Interface Rules","Captures whether this Tax Reporting Unit is designated as a transmitter for year end reporting."
"Transmitter TRU","_TRANSMITTER_FLAG(PER_ORGANIZATION_INFORMATION_EFF=HRX_US_TRU_MWR_RULES)","Yes","HRC_YES_NO","Tax Reporting Unit For United States","State Quarterly Wage Listing Rules Overrides","Captures whether this TRU is a transmitter TRU."
"Transmitter TRU","_TRANSMITTER_FLAG_Display(PER_ORGANIZATION_INFORMATION_EFF=HRX_US_TRU_MWR_RULES)","Yes","HRC_YES_NO","Tax Reporting Unit For United States","State Quarterly Wage Listing Rules Overrides","Captures whether this TRU is a transmitter TRU."
"Transmitter TRU","_TRANSMITTER_TRU(PER_ORGANIZATION_INFORMATION_EFF=HRX_US_TRU_W2_FEDERAL_RULES)","Yes","HRC_YES_NO","Tax Reporting Unit For United States","Federal Year-End Reporting Rules","Captures Transmitter TRU information"
"Transmitter TRU","_TRANSMITTER_TRU_Display(PER_ORGANIZATION_INFORMATION_EFF=HRX_US_TRU_W2_FEDERAL_RULES)","Yes","HRC_YES_NO","Tax Reporting Unit For United States","Federal Year-End Reporting Rules","Captures Transmitter TRU information"
"Transmitter TRU","mxTransmitterTru(PER_ORGANIZATION_INFORMATION_EFF=ORA_HRX_MX_TRU_SS_DETAILS)","No","ORA_HRX_MX_TRANSMITTER_TRU","Tax Reporting Unit For Mexico","Mexico Social Security Details",""
"Transmitter TRU","mxTransmitterTru_Display(PER_ORGANIZATION_INFORMATION_EFF=ORA_HRX_MX_TRU_SS_DETAILS)","No","ORA_HRX_MX_TRANSMITTER_TRU","Tax Reporting Unit For Mexico","Mexico Social Security Details",""
"Transmitter TIN","_TRANSMITTER_TIN(PER_ORGANIZATION_INFORMATION_EFF=ORA_HRX_US_PSU_TRANSMITTER_INF)","No","HRC_NUMBER_9","Payroll Statutory Unit For United States","Form 1099-R Transmitter Information","Transmitter TIN segment segment"
"Transmitter Secondary Contact E-mail Address","OraHrxCaT4ATransmtrEmail2(PER_ORGANIZATION_INFORMATION_EFF=HRX_CA_TRU_T4A_RULES)","No","HRC_CHAR_60","Tax Reporting Unit For Canada","T4A Interface Rules","Captures the Secondary E-mail Address of the Transmitter for Tax Reporting Unit."
"Transmitter Secondary Contact E-mail Address","OraHrxCaT4TransmtrEmail2(PER_ORGANIZATION_INFORMATION_EFF=HRX_CA_TRU_T4_RULES)","No","HRC_CHAR_60","Tax Reporting Unit For Canada","T4 Interface Rules","Captures the Secondary E-mail Address of the Transmitter for Tax Reporting Unit."
"Transmitter Representative Identifier","OraHrxCaTransRepId(PER_ORGANIZATION_INFORMATION_EFF=HRX_CA_TRU_T4A_RULES)","No","HRC_CHAR_7","Tax Reporting Unit For Canada","T4A Interface Rules","Captures Transmitter Representative Identifier."
"Transmitter Representative Identifier","OraHrxCaTransRepId(PER_ORGANIZATION_INFORMATION_EFF=HRX_CA_TRU_T4_RULES)","No","HRC_CHAR_7","Tax Reporting Unit For Canada","T4 Interface Rules","Captures Transmitter Representative Identifier."
"Transmitter Province","OraHrxCaRL1TransmtrProvince(PER_ORGANIZATION_INFORMATION_EFF=HRX_CA_TRU_RL1_RULES_QC)","No","ORA_HRX_CA_EOY_ARCH_TERRITORY","Tax Reporting Unit For Canada","RL-1 Interface Rules","Captures the Transmitter's Territory for Provincial Tax Reporting Unit."
"Transmitter Province","OraHrxCaRL1TransmtrProvince_Display(PER_ORGANIZATION_INFORMATION_EFF=HRX_CA_TRU_RL1_RULES_QC)","No","ORA_HRX_CA_EOY_ARCH_TERRITORY","Tax Reporting Unit For Canada","RL-1 Interface Rules","Captures the Transmitter's Territory for Provincial Tax Reporting Unit."
"Transmitter Province","OraHrxCaRL2TransmtrProvince(PER_ORGANIZATION_INFORMATION_EFF=HRX_CA_TRU_RL2_RULES_QC)","No","ORA_HRX_CA_EOY_ARCH_TERRITORY","Tax Reporting Unit For Canada","RL-2 Interface Rules","Captures the Transmitter's Territory for Provincial Tax Reporting Unit."
"Transmitter Province","OraHrxCaRL2TransmtrProvince_Display(PER_ORGANIZATION_INFORMATION_EFF=HRX_CA_TRU_RL2_RULES_QC)","No","ORA_HRX_CA_EOY_ARCH_TERRITORY","Tax Reporting Unit For Canada","RL-2 Interface Rules","Captures the Transmitter's Territory for Provincial Tax Reporting Unit."
"Transmitter Postal Code","OraHrxCaRL1TransmtrPostalCode(PER_ORGANIZATION_INFORMATION_EFF=HRX_CA_TRU_RL1_RULES_QC)","No","HRC_CHAR_7","Tax Reporting Unit For Canada","RL-1 Interface Rules","Captures the Transmitter's Postal Code for Provincial Tax Reporting Unit."
"Transmitter Postal Code","oraHrxCaRL2TransmtrPostalCode(PER_ORGANIZATION_INFORMATION_EFF=HRX_CA_TRU_RL2_RULES_QC)","No","HRC_CHAR_7","Tax Reporting Unit For Canada","RL-2 Interface Rules","Captures the Transmitter's Postal Code for Provincial Tax Reporting Unit."
"Transmitter Number","TransmitterNumber(PER_ORGANIZATION_INFORMATION_EFF=HRX_CA_TRU_RL1_RULES_QC)","No","HRC_CHAR_8","Tax Reporting Unit For Canada","RL-1 Interface Rules","Captures the number assigned by the Quebec government to the Provincial Reporting Establishment designated as the transmitter for year end reporting."
"Transmitter Number","TransmitterNumber(PER_ORGANIZATION_INFORMATION_EFF=HRX_CA_TRU_RL2_RULES_QC)","No","HRC_CHAR_8","Tax Reporting Unit For Canada","RL-2 Interface Rules","Captures the number assigned by the Quebec government to the Provincial Reporting Establishment designated as the transmitter for year end reporting."
"Transmitter Name Continued","_TRANSMITTER_NAME_CONTINUED(PER_ORGANIZATION_INFORMATION_EFF=ORA_HRX_US_PSU_TRANSMITTER_INF)","No","HRC_CHAR_40","Payroll Statutory Unit For United States","Form 1099-R Transmitter Information","Transmitter Name Continued segment"
"Transmitter Name","TransmitterName(PER_ORGANIZATION_INFORMATION_EFF=HRX_CA_TRU_RL1_RULES_QC)","No","ORA_HRX_CA_RL1_TRANSMITTER_NAME","Tax Reporting Unit For Canada","RL-1 Interface Rules","Captures the name of the transmitter Provincial Reporting Establishment."
"Transmitter Name","TransmitterName(PER_ORGANIZATION_INFORMATION_EFF=HRX_CA_TRU_RL2_RULES_QC)","No","ORA_HRX_CA_RL2_TRANSMITTER_NAME","Tax Reporting Unit For Canada","RL-2 Interface Rules","Captures the name of the transmitter Provincial Reporting Establishment."
"Transmitter Name","TransmitterName(PER_ORGANIZATION_INFORMATION_EFF=HRX_CA_TRU_T4A_RULES)","No","ORA_HRX_CA_T4A_TRANSMITTER_NAME","Tax Reporting Unit For Canada","T4A Interface Rules","Captures the name of the transmitter Tax Reporting Unit."
"Transmitter Name","TransmitterName(PER_ORGANIZATION_INFORMATION_EFF=HRX_CA_TRU_T4_RULES)","No","ORA_HRX_CA_T4_TRANSMITTER_NAME","Tax Reporting Unit For Canada","T4 Interface Rules","Captures the name of the transmitter Tax Reporting Unit."
"Transmitter Name","TransmitterName_Display(PER_ORGANIZATION_INFORMATION_EFF=HRX_CA_TRU_RL1_RULES_QC)","No","ORA_HRX_CA_RL1_TRANSMITTER_NAME","Tax Reporting Unit For Canada","RL-1 Interface Rules","Captures the name of the transmitter Provincial Reporting Establishment."
"Transmitter Name","TransmitterName_Display(PER_ORGANIZATION_INFORMATION_EFF=HRX_CA_TRU_RL2_RULES_QC)","No","ORA_HRX_CA_RL2_TRANSMITTER_NAME","Tax Reporting Unit For Canada","RL-2 Interface Rules","Captures the name of the transmitter Provincial Reporting Establishment."
"Transmitter Name","TransmitterName_Display(PER_ORGANIZATION_INFORMATION_EFF=HRX_CA_TRU_T4A_RULES)","No","ORA_HRX_CA_T4A_TRANSMITTER_NAME","Tax Reporting Unit For Canada","T4A Interface Rules","Captures the name of the transmitter Tax Reporting Unit."
"Transmitter Name","TransmitterName_Display(PER_ORGANIZATION_INFORMATION_EFF=HRX_CA_TRU_T4_RULES)","No","ORA_HRX_CA_T4_TRANSMITTER_NAME","Tax Reporting Unit For Canada","T4 Interface Rules","Captures the name of the transmitter Tax Reporting Unit."
"Transmitter Name","_TRANSMITTER_NAME(PER_ORGANIZATION_INFORMATION_EFF=ORA_HRX_US_PSU_TRANSMITTER_INF)","No","HRC_CHAR_40","Payroll Statutory Unit For United States","Form 1099-R Transmitter Information","Transmitter Name segment"
"Transmitter Country","OraHrxCaRL1TransmtrCountry(PER_ORGANIZATION_INFORMATION_EFF=HRX_CA_TRU_RL1_RULES_QC)","No","ORA_HRX_CA_EOY_ARCH_COUNTRY","Tax Reporting Unit For Canada","RL-1 Interface Rules","Captures the Transmitter's Country for Provincial Tax Reporting Unit."
"Transmitter Country","OraHrxCaRL1TransmtrCountry_Display(PER_ORGANIZATION_INFORMATION_EFF=HRX_CA_TRU_RL1_RULES_QC)","No","ORA_HRX_CA_EOY_ARCH_COUNTRY","Tax Reporting Unit For Canada","RL-1 Interface Rules","Captures the Transmitter's Country for Provincial Tax Reporting Unit."
"Transmitter Country","OraHrxCaRL2TransmtrCountry(PER_ORGANIZATION_INFORMATION_EFF=HRX_CA_TRU_RL2_RULES_QC)","No","ORA_HRX_CA_EOY_ARCH_COUNTRY","Tax Reporting Unit For Canada","RL-2 Interface Rules","Captures the Transmitter's Country for Provincial Tax Reporting Unit."
"Transmitter Country","OraHrxCaRL2TransmtrCountry_Display(PER_ORGANIZATION_INFORMATION_EFF=HRX_CA_TRU_RL2_RULES_QC)","No","ORA_HRX_CA_EOY_ARCH_COUNTRY","Tax Reporting Unit For Canada","RL-2 Interface Rules","Captures the Transmitter's Country for Provincial Tax Reporting Unit."
"Transmitter Country","OraHrxCaT4ATransmtrCountry(PER_ORGANIZATION_INFORMATION_EFF=HRX_CA_TRU_T4A_RULES)","No","ORA_HRX_CA_EOY_ARCH_COUNTRY","Tax Reporting Unit For Canada","T4A Interface Rules","Captures the Transmitter's Country for Federal Tax Reporting Unit."
"Transmitter Country","OraHrxCaT4ATransmtrCountry_Display(PER_ORGANIZATION_INFORMATION_EFF=HRX_CA_TRU_T4A_RULES)","No","ORA_HRX_CA_EOY_ARCH_COUNTRY","Tax Reporting Unit For Canada","T4A Interface Rules","Captures the Transmitter's Country for Federal Tax Reporting Unit."
"Transmitter Country","OraHrxCaT4TransmtrCountry(PER_ORGANIZATION_INFORMATION_EFF=HRX_CA_TRU_T4_RULES)","No","ORA_HRX_CA_EOY_ARCH_COUNTRY","Tax Reporting Unit For Canada","T4 Interface Rules","Captures the Transmitter's Country for federal Tax Reporting Unit."
"Transmitter Country","OraHrxCaT4TransmtrCountry_Display(PER_ORGANIZATION_INFORMATION_EFF=HRX_CA_TRU_T4_RULES)","No","ORA_HRX_CA_EOY_ARCH_COUNTRY","Tax Reporting Unit For Canada","T4 Interface Rules","Captures the Transmitter's Country for federal Tax Reporting Unit."
"Transmitter Control Code","_TRANSMITTER_CONTROL_CODE(PER_ORGANIZATION_INFORMATION_EFF=ORA_HRX_US_PSU_TRANSMITTER_INF)","No","HRC_CHAR_5","Payroll Statutory Unit For United States","Form 1099-R Transmitter Information","Transmitter Control Code segment"
"Transmitter Contact Phone Number","OraHrxCaT4ATransmtrTeleNumber(PER_ORGANIZATION_INFORMATION_EFF=HRX_CA_TRU_T4A_RULES)","No","HRC_CHAR_7","Tax Reporting Unit For Canada","T4A Interface Rules","Captures the Phone Number of Transmitter for the Tax Reporting Unit."
"Transmitter Contact Phone Number","OraHrxCaT4TransmtrTeleNumber(PER_ORGANIZATION_INFORMATION_EFF=HRX_CA_TRU_T4_RULES)","No","HRC_CHAR_7","Tax Reporting Unit For Canada","T4 Interface Rules","Captures the Phone Number of Transmitter for the Tax Reporting Unit."
"Transmitter Contact Name","OraHrxCaT4ATransmtrContactName(PER_ORGANIZATION_INFORMATION_EFF=HRX_CA_TRU_T4A_RULES)","No","HRC_CHAR_35","Tax Reporting Unit For Canada","T4A Interface Rules","Captures the Contact Name of the Transmitter Tax Reporting Unit"
"Transmitter Contact Name","OraHrxCaT4TransmtrCntctName(PER_ORGANIZATION_INFORMATION_EFF=HRX_CA_TRU_T4_RULES)","No","HRC_CHAR_35","Tax Reporting Unit For Canada","T4 Interface Rules","Captures the contact name of the Transmitter Tax Reporting Unit"
"Transmitter Contact Extension Number","OraHrxCaT4ATransmtrExtnNumber(PER_ORGANIZATION_INFORMATION_EFF=HRX_CA_TRU_T4A_RULES)","No","ORA_HRX_CA_EXTN_NUM_7","Tax Reporting Unit For Canada","T4A Interface Rules","Captures the Extension Number of the Transmitter Tax Reporting Unit."
"Transmitter Contact Extension Number","OraHrxCaT4TransmtrExtnNumber(PER_ORGANIZATION_INFORMATION_EFF=HRX_CA_TRU_T4_RULES)","No","ORA_HRX_CA_EXTN_NUM_7","Tax Reporting Unit For Canada","T4 Interface Rules","Captures the Extension Number of the Transmitter Tax Reporting Unit."
"Transmitter Contact E-mail Address","OraHrxCaT4ATransmtrEmailAddres(PER_ORGANIZATION_INFORMATION_EFF=HRX_CA_TRU_T4A_RULES)","No","HRC_CHAR_60","Tax Reporting Unit For Canada","T4A Interface Rules","Captures the E-mail Address of the Transmitter for Tax Reporting Unit."
"Transmitter Contact E-mail Address","OraHrxCaT4TransmtrEmailAddress(PER_ORGANIZATION_INFORMATION_EFF=HRX_CA_TRU_T4_RULES)","No","HRC_CHAR_60","Tax Reporting Unit For Canada","T4 Interface Rules","Captures the E-mail Address of the Transmitter for Tax Reporting Unit."
"Transmitter Contact Area Code","OraHrxCaT4ATransmtrContctArea(PER_ORGANIZATION_INFORMATION_EFF=HRX_CA_TRU_T4A_RULES)","No","ORA_HRX_CA_INTEGERS_3","Tax Reporting Unit For Canada","T4A Interface Rules","Captures the Contact Area code of the Transmitter Tax Reporting Unit."
"Transmitter Contact Area Code","OraHrxCaT4TransmtrCntctAreCode(PER_ORGANIZATION_INFORMATION_EFF=HRX_CA_TRU_T4_RULES)","No","ORA_HRX_CA_INTEGERS_3","Tax Reporting Unit For Canada","T4 Interface Rules","Captures the Area code for the Transmitter Tax Reporting Unit."
"Transmitter City","OraHrxCaRL1TransmtrCity(PER_ORGANIZATION_INFORMATION_EFF=HRX_CA_TRU_RL1_RULES_QC)","No","HRC_CHAR_30","Tax Reporting Unit For Canada","RL-1 Interface Rules","Captures the City of the Transmitter of Provincial Reporting."
"Transmitter City","OraHrxCaRL2TransmtrCity(PER_ORGANIZATION_INFORMATION_EFF=HRX_CA_TRU_RL2_RULES_QC)","No","HRC_CHAR_30","Tax Reporting Unit For Canada","RL-2 Interface Rules","Captures the City of the Transmitter of Provincial Reporting."
"Transmitter Address Line2","OraHrxCaRL1TransmtrAddrLine2(PER_ORGANIZATION_INFORMATION_EFF=HRX_CA_TRU_RL1_RULES_QC)","No","HRC_CHAR_60","Tax Reporting Unit For Canada","RL-1 Interface Rules","Captures the Address Line2 for Transmitter of Provincial Reporting."
"Transmitter Address Line2","OraHrxCaRL2TransmtrAddrLine2(PER_ORGANIZATION_INFORMATION_EFF=HRX_CA_TRU_RL2_RULES_QC)","No","HRC_CHAR_60","Tax Reporting Unit For Canada","RL-2 Interface Rules","Captures the Address Line2 for Transmitter of Provincial Reporting."
"Transmitter Address Line1","OraHrxCaRL1TransmtrAddrLine1(PER_ORGANIZATION_INFORMATION_EFF=HRX_CA_TRU_RL1_RULES_QC)","No","HRC_CHAR_60","Tax Reporting Unit For Canada","RL-1 Interface Rules","Captures the Address Line1 for Transmitter of Provincial Reporting."
"Transmitter Address Line1","OraHrxCaRL2TransmtrAddrLine1(PER_ORGANIZATION_INFORMATION_EFF=HRX_CA_TRU_RL2_RULES_QC)","No","HRC_CHAR_60","Tax Reporting Unit For Canada","RL-2 Interface Rules","Captures the Address Line1 for Transmitter of Provincial Reporting."
"Transmitter Account Number","TransmitterNumber(PER_ORGANIZATION_INFORMATION_EFF=HRX_CA_TRU_T4A_RULES)","No","ORA_HRX_CA_T4A_TRANS_NUM","Tax Reporting Unit For Canada","T4A Interface Rules","Captures the number assigned by the federal government to the Tax Reporting Unit designated as the transmitter for year end reporting."
"Transmitter Account Number","TransmitterNumber(PER_ORGANIZATION_INFORMATION_EFF=HRX_CA_TRU_T4_RULES)","No","ORA_HRX_CA_T4_TRANS_NUM","Tax Reporting Unit For Canada","T4 Interface Rules","Captures the number assigned by the federal government to the Tax Reporting Unit designated as the transmitter for year end reporting."
"Transmitter Account Number","TransmitterNumber_Display(PER_ORGANIZATION_INFORMATION_EFF=HRX_CA_TRU_T4A_RULES)","No","ORA_HRX_CA_T4A_TRANS_NUM","Tax Reporting Unit For Canada","T4A Interface Rules","Captures the number assigned by the federal government to the Tax Reporting Unit designated as the transmitter for year end reporting."
"Transmitter Account Number","TransmitterNumber_Display(PER_ORGANIZATION_INFORMATION_EFF=HRX_CA_TRU_T4_RULES)","No","ORA_HRX_CA_T4_TRANS_NUM","Tax Reporting Unit For Canada","T4 Interface Rules","Captures the number assigned by the federal government to the Tax Reporting Unit designated as the transmitter for year end reporting."
"Transmission Control Code","transmissionControlCode(PER_ORGANIZATION_INFORMATION_EFF=ORA_HRX_US_LEMP_FED_ACA_REPORTING_INFO)","No","HRC_CHAR_50","Legal Employer For United States","Federal ACA Reporting Information","Captures Transmission Control Code"
"Transfer Agent Shipping Address","_TRANSFER_AGENT_ADDRESS(PER_ORGANIZATION_INFORMATION_EFF=ORA_HRX_US_PSU_TRANSFER_AGENT_INF)","No","HRC_CHAR_40","Payroll Statutory Unit For United States","Form 1099-R Transfer Agent Information","Transfer Agent Shipping Address segment"
"Transfer Agent Name","_TRANSFER_AGENT_NAME(PER_ORGANIZATION_INFORMATION_EFF=ORA_HRX_US_PSU_TRANSFER_AGENT_INF)","No","HRC_CHAR_40","Payroll Statutory Unit For United States","Form 1099-R Transfer Agent Information","Transfer Agent Name segment"
"Transaction Processing Conversion Rate Type","_PER_TXN_CONVERSION_RATE_TYPE(PER_ORGANIZATION_INFORMATION_EFF=PER_CURRENCY_SUPPORT)","No","PER_CHAR_L150","Enterprise","Currency Support Information","The Transaction Processing Conversion Rate Type"
"Training Management Center Location","_OPCA_CENTER_LOC(PER_ORGANIZATION_INFORMATION_EFF=HRX_FR_TRU_CORPORATE_INFO)","No","HRX_FR_OPCA_CENTER","Tax Reporting Unit For France","French Establishment Information","This segment captures France Training Management Center Location"
"Training Management Center Location","_OPCA_CENTER_LOC_Display(PER_ORGANIZATION_INFORMATION_EFF=HRX_FR_TRU_CORPORATE_INFO)","No","HRX_FR_OPCA_CENTER","Tax Reporting Unit For France","French Establishment Information","This segment captures France Training Management Center Location"
"Total US Establishments","totalUSEstabs(PER_ORGANIZATION_INFORMATION_EFF=ORA_HRX_US_LEMP_REG_PAY_REP_INF)","No","HRC_NUMBER_3","Legal Employer For United States","Regional Pay Data Reporting Information",""
"Total US Employees","totalUSEmployees(PER_ORGANIZATION_INFORMATION_EFF=ORA_HRX_US_LEMP_REG_PAY_REP_INF)","No","HRC_NUMBER_20","Legal Employer For United States","Regional Pay Data Reporting Information",""
"Total Remittance Amount","_TOTAL_REMITTANCE_AMOUNT(PER_ORGANIZATION_INFORMATION_EFF=HRX_US_TRU_SQWL_RULES_TX)","Yes","HRC_NUMBER_13","Tax Reporting Unit For United States","Texas State Quarterly Wage Listing Rules Overrides","Captures Total Remittance Amount"
"Total Regional Establishments","totalRegEstabs(PER_ORGANIZATION_INFORMATION_EFF=ORA_HRX_US_LEMP_REG_PAY_REP_INF)","No","HRC_NUMBER_3","Legal Employer For United States","Regional Pay Data Reporting Information",""
"Total Regional Employees","totalRegEmployees(PER_ORGANIZATION_INFORMATION_EFF=ORA_HRX_US_LEMP_REG_PAY_REP_INF)","No","HRC_NUMBER_20","Legal Employer For United States","Regional Pay Data Reporting Information",""
"Total Distribution","totalDistribution(PER_ORGANIZATION_INFORMATION_EFF=ORA_HRX_US_TRU_DISTRIBUTION_CODE)","No","HRC_YES_NO","Tax Reporting Unit For United States","Form 1099-R Distribution Code","Total Distribution segment"
"Total Amount of Taxes","_TOTAL_AMOUNT_OF_TAXES(PER_ORGANIZATION_INFORMATION_EFF=HRX_US_TRU_W2_RULES_MD)","No","HRX_US_NUMBER_12_2","Tax Reporting Unit For United States","Maryland W-2 Reporting Rules Overrides","Captures Total Amount of Taxes"
"Total Amount Due to VDOL","_TOTAL_AMT_DUE_TO_VDOL(PER_ORGANIZATION_INFORMATION_EFF=HRX_US_TRU_SQWL_RULES_VT)","Yes","HRC_NUMBER_11","Tax Reporting Unit For United States","Vermont State Quarterly Wage Listing Rules Overrides","Captures Total Amount Due to VDOL for Vermont"
"Total Amount","totalAmount(PER_ORGANIZATION_INFORMATION_EFF=ORA_HRX_IN_TRU_IT_CHALLAN_INFO)","No","ORA_HRX_IN_NUMBER_15_2","Tax Reporting Unit For India","Income Tax Challan Info",""
"Total Amount","totalAmount(PER_ORGANIZATION_INFORMATION_EFF=ORA_HRX_IN_TRU_PF_CHALLAN_INFO)","No","ORA_HRX_IN_NUMBER_15_2","Tax Reporting Unit For India","Provident Fund Challan",""
"Token Number","tokenZnumber(PER_ORGANIZATION_INFORMATION_EFF=ORA_HRX_IN_TRU_24Q_RECEIPT_INFO)","Yes","ORA_HRX_IN_TEXT_15_DIGIT_NUMBER","Tax Reporting Unit For India","24Q Receipt Information",""
"Third-Party Sick Pay","_THIRD_PARTY_SICK_PAY(PER_ORGANIZATION_INFORMATION_EFF=HRX_US_TRU_W2_FEDERAL_RULES)","No","HRC_YES_NO","Tax Reporting Unit For United States","Federal Year-End Reporting Rules","Captures Third-Party Sick Pay"
"Third-Party Sick Pay","_THIRD_PARTY_SICK_PAY(PER_ORGANIZATION_INFORMATION_EFF=HRX_US_TRU_W2_RULES_AR)","No","HRC_YES_NO","Tax Reporting Unit For United States","Arkansas W-2 Reporting Rules Overrides","Captures Third-Party Sick Pay"
"Third-Party Sick Pay","_THIRD_PARTY_SICK_PAY(PER_ORGANIZATION_INFORMATION_EFF=HRX_US_TRU_W2_RULES_AZ)","No","HRC_YES_NO","Tax Reporting Unit For United States","Arizona W-2 Reporting Rules Overrides","Captures Third Party Sick Pay"
"Third-Party Sick Pay","_THIRD_PARTY_SICK_PAY(PER_ORGANIZATION_INFORMATION_EFF=HRX_US_TRU_W2_RULES_CO)","No","HRC_YES_NO","Tax Reporting Unit For United States","Colorado W-2 Reporting Rules Overrides","Captures Third-Party Sick Pay"
"Third-Party Sick Pay","_THIRD_PARTY_SICK_PAY(PER_ORGANIZATION_INFORMATION_EFF=HRX_US_TRU_W2_RULES_DC)","No","HRC_YES_NO","Tax Reporting Unit For United States","District of Columbia W-2 Reporting Rules Overrides","Captures Third-Party Sick Pay"
"Third-Party Sick Pay","_THIRD_PARTY_SICK_PAY(PER_ORGANIZATION_INFORMATION_EFF=HRX_US_TRU_W2_RULES_DE)","No","HRC_YES_NO","Tax Reporting Unit For United States","Delaware W-2 Reporting Rules Overrides","Captures Third-Party Sick Pay"
"Third-Party Sick Pay","_THIRD_PARTY_SICK_PAY(PER_ORGANIZATION_INFORMATION_EFF=HRX_US_TRU_W2_RULES_IA)","No","HRC_YES_NO","Tax Reporting Unit For United States","Iowa W-2 Reporting Rules Overrides","Captures Third-Party Sick Pay"
"Third-Party Sick Pay","_THIRD_PARTY_SICK_PAY(PER_ORGANIZATION_INFORMATION_EFF=HRX_US_TRU_W2_RULES_ID)","No","HRC_YES_NO","Tax Reporting Unit For United States","Idaho W-2 Reporting Rules Overrides","Captures Third-Party Sick Pay"
"Third-Party Sick Pay","_THIRD_PARTY_SICK_PAY(PER_ORGANIZATION_INFORMATION_EFF=HRX_US_TRU_W2_RULES_IL)","No","HRC_YES_NO","Tax Reporting Unit For United States","Illinois W-2 Reporting Rules Overrides","Captures Third-Party Sick Pay"
"Third-Party Sick Pay","_THIRD_PARTY_SICK_PAY(PER_ORGANIZATION_INFORMATION_EFF=HRX_US_TRU_W2_RULES_IN)","No","HRC_YES_NO","Tax Reporting Unit For United States","Indiana W-2 Reporting Rules Overrides","Captures Third-Party Sick Pay"
"Third-Party Sick Pay","_THIRD_PARTY_SICK_PAY(PER_ORGANIZATION_INFORMATION_EFF=HRX_US_TRU_W2_RULES_KS)","No","HRC_YES_NO","Tax Reporting Unit For United States","Kansas W-2 Reporting Rules Overrides","Captures Third-Party Sick Pay"
"Third-Party Sick Pay","_THIRD_PARTY_SICK_PAY(PER_ORGANIZATION_INFORMATION_EFF=HRX_US_TRU_W2_RULES_KY)","No","HRC_YES_NO","Tax Reporting Unit For United States","Kentucky W-2 Reporting Rules Overrides","Captures Third-Party Sick Pay"
"Third-Party Sick Pay","_THIRD_PARTY_SICK_PAY(PER_ORGANIZATION_INFORMATION_EFF=HRX_US_TRU_W2_RULES_LA)","No","HRC_YES_NO","Tax Reporting Unit For United States","Louisiana W-2 Reporting Rules Overrides","Captures Third-Party Sick Pay"
"Third-Party Sick Pay","_THIRD_PARTY_SICK_PAY(PER_ORGANIZATION_INFORMATION_EFF=HRX_US_TRU_W2_RULES_MD)","No","HRC_YES_NO","Tax Reporting Unit For United States","Maryland W-2 Reporting Rules Overrides","Captures Third-Party Sick Pay"
"Third-Party Sick Pay","_THIRD_PARTY_SICK_PAY(PER_ORGANIZATION_INFORMATION_EFF=HRX_US_TRU_W2_RULES_ME)","No","HRC_YES_NO","Tax Reporting Unit For United States","Maine W-2 Reporting Rules Overrides","Captures Third-Party Sick Pay"
"Third-Party Sick Pay","_THIRD_PARTY_SICK_PAY(PER_ORGANIZATION_INFORMATION_EFF=HRX_US_TRU_W2_RULES_MI)","No","HRC_YES_NO","Tax Reporting Unit For United States","Michigan W-2 Reporting Rules Overrides","Captures Third-Party Sick Pay"
"Third-Party Sick Pay","_THIRD_PARTY_SICK_PAY(PER_ORGANIZATION_INFORMATION_EFF=HRX_US_TRU_W2_RULES_MN)","No","HRC_YES_NO","Tax Reporting Unit For United States","Minnesota W-2 Reporting Rules Overrides","Captures Third-Party Sick Pay"
"Third-Party Sick Pay","_THIRD_PARTY_SICK_PAY(PER_ORGANIZATION_INFORMATION_EFF=HRX_US_TRU_W2_RULES_MO)","No","HRC_YES_NO","Tax Reporting Unit For United States","Missouri W-2 Reporting Rules Overrides","Captures Third-Party Sick Pay"
"Third-Party Sick Pay","_THIRD_PARTY_SICK_PAY(PER_ORGANIZATION_INFORMATION_EFF=HRX_US_TRU_W2_RULES_MS)","No","HRC_YES_NO","Tax Reporting Unit For United States","Mississippi W-2 Reporting Rules Overrides","Captures Third-Party Sick Pay"
"Third-Party Sick Pay","_THIRD_PARTY_SICK_PAY(PER_ORGANIZATION_INFORMATION_EFF=HRX_US_TRU_W2_RULES_MT)","No","HRC_YES_NO","Tax Reporting Unit For United States","Montana W-2 Reporting Rules Overrides","Captures Third-Party Sick Pay"
"Third-Party Sick Pay","_THIRD_PARTY_SICK_PAY(PER_ORGANIZATION_INFORMATION_EFF=HRX_US_TRU_W2_RULES_ND)","No","HRC_YES_NO","Tax Reporting Unit For United States","North Dakota W-2 Reporting Rules Overrides","Captures Third-Party Sick Pay"
"Third-Party Sick Pay","_THIRD_PARTY_SICK_PAY(PER_ORGANIZATION_INFORMATION_EFF=HRX_US_TRU_W2_RULES_NE)","No","HRC_YES_NO","Tax Reporting Unit For United States","Nebraska W-2 Reporting Rules Overrides","Captures Third-Party Sick Pay"
"Third-Party Sick Pay","_THIRD_PARTY_SICK_PAY(PER_ORGANIZATION_INFORMATION_EFF=HRX_US_TRU_W2_RULES_NJ)","No","HRC_YES_NO","Tax Reporting Unit For United States","New Jersey W-2 Reporting Rules Overrides","Captures Third-Party Sick Pay"
"Third-Party Sick Pay","_THIRD_PARTY_SICK_PAY(PER_ORGANIZATION_INFORMATION_EFF=HRX_US_TRU_W2_RULES_NM)","No","HRC_YES_NO","Tax Reporting Unit For United States","New Mexico W-2 Reporting Rules Overrides","Captures Third-Party Sick Pay"
"Third-Party Sick Pay","_THIRD_PARTY_SICK_PAY(PER_ORGANIZATION_INFORMATION_EFF=HRX_US_TRU_W2_RULES_OH)","No","HRC_YES_NO","Tax Reporting Unit For United States","Ohio W-2 Reporting Rules Overrides","Captures Third-Party Sick Pay"
"Third-Party Sick Pay","_THIRD_PARTY_SICK_PAY(PER_ORGANIZATION_INFORMATION_EFF=HRX_US_TRU_W2_RULES_OR)","No","HRC_YES_NO","Tax Reporting Unit For United States","Oregon W-2 Reporting Rules Overrides","Captures Third-Party Sick Pay"
"Third-Party Sick Pay","_THIRD_PARTY_SICK_PAY(PER_ORGANIZATION_INFORMATION_EFF=HRX_US_TRU_W2_RULES_PR)","No","HRC_YES_NO","Tax Reporting Unit For United States","Puerto Rico W-2 Reporting Rules Overrides","Captures Third-Party Sick Pay"
"Third-Party Sick Pay","_THIRD_PARTY_SICK_PAY(PER_ORGANIZATION_INFORMATION_EFF=HRX_US_TRU_W2_RULES_RI)","No","HRC_YES_NO","Tax Reporting Unit For United States","Rhode Island W-2 Reporting Rules Overrides","Captures Third-Party Sick Pay"
"Third-Party Sick Pay","_THIRD_PARTY_SICK_PAY(PER_ORGANIZATION_INFORMATION_EFF=HRX_US_TRU_W2_RULES_SC)","No","HRC_YES_NO","Tax Reporting Unit For United States","South Carolina W-2 Reporting Rules Overrides","Captures Third-Party Sick Pay"
"Third-Party Sick Pay","_THIRD_PARTY_SICK_PAY(PER_ORGANIZATION_INFORMATION_EFF=HRX_US_TRU_W2_RULES_UT)","No","HRC_YES_NO","Tax Reporting Unit For United States","Utah W-2 Reporting Rules Overrides","Captures Third-Party Sick Pay"
"Third-Party Sick Pay","_THIRD_PARTY_SICK_PAY(PER_ORGANIZATION_INFORMATION_EFF=HRX_US_TRU_W2_RULES_VA)","No","HRC_YES_NO","Tax Reporting Unit For United States","Virginia W-2 Reporting Rules Overrides","Captures Third-Party Sick Pay"
"Third-Party Sick Pay","_THIRD_PARTY_SICK_PAY(PER_ORGANIZATION_INFORMATION_EFF=HRX_US_TRU_W2_RULES_VI)","No","HRC_YES_NO","Tax Reporting Unit For United States","Virgin Islands W-2 Reporting Rules Overrides","Captures Third-Party Sick Pay"
"Third-Party Sick Pay","_THIRD_PARTY_SICK_PAY(PER_ORGANIZATION_INFORMATION_EFF=HRX_US_TRU_W2_RULES_VT)","No","HRC_YES_NO","Tax Reporting Unit For United States","Vermont W-2 Reporting Rules Overrides","Captures Third-Party Sick Pay"
"Third-Party Sick Pay","_THIRD_PARTY_SICK_PAY(PER_ORGANIZATION_INFORMATION_EFF=HRX_US_TRU_W2_RULES_WI)","No","HRC_YES_NO","Tax Reporting Unit For United States","Wisconsin W-2 Reporting Rules Overrides","Captures Third-Party Sick Pay"
"Third-Party Sick Pay","_THIRD_PARTY_SICK_PAY(PER_ORGANIZATION_INFORMATION_EFF=HRX_US_TRU_W2_RULES_WV)","No","HRC_YES_NO","Tax Reporting Unit For United States","West Virginia W-2 Reporting Rules Overrides","Captures Third-Party Sick Pay"
"Third-Party Sick Pay","_THIRD_PARTY_SICK_PAY_Display(PER_ORGANIZATION_INFORMATION_EFF=HRX_US_TRU_W2_FEDERAL_RULES)","No","HRC_YES_NO","Tax Reporting Unit For United States","Federal Year-End Reporting Rules","Captures Third-Party Sick Pay"
"Third-Party Sick Pay","_THIRD_PARTY_SICK_PAY_Display(PER_ORGANIZATION_INFORMATION_EFF=HRX_US_TRU_W2_RULES_AR)","No","HRC_YES_NO","Tax Reporting Unit For United States","Arkansas W-2 Reporting Rules Overrides","Captures Third-Party Sick Pay"
"Third-Party Sick Pay","_THIRD_PARTY_SICK_PAY_Display(PER_ORGANIZATION_INFORMATION_EFF=HRX_US_TRU_W2_RULES_AZ)","No","HRC_YES_NO","Tax Reporting Unit For United States","Arizona W-2 Reporting Rules Overrides","Captures Third Party Sick Pay"
"Third-Party Sick Pay","_THIRD_PARTY_SICK_PAY_Display(PER_ORGANIZATION_INFORMATION_EFF=HRX_US_TRU_W2_RULES_CO)","No","HRC_YES_NO","Tax Reporting Unit For United States","Colorado W-2 Reporting Rules Overrides","Captures Third-Party Sick Pay"
"Third-Party Sick Pay","_THIRD_PARTY_SICK_PAY_Display(PER_ORGANIZATION_INFORMATION_EFF=HRX_US_TRU_W2_RULES_DC)","No","HRC_YES_NO","Tax Reporting Unit For United States","District of Columbia W-2 Reporting Rules Overrides","Captures Third-Party Sick Pay"
"Third-Party Sick Pay","_THIRD_PARTY_SICK_PAY_Display(PER_ORGANIZATION_INFORMATION_EFF=HRX_US_TRU_W2_RULES_DE)","No","HRC_YES_NO","Tax Reporting Unit For United States","Delaware W-2 Reporting Rules Overrides","Captures Third-Party Sick Pay"
"Third-Party Sick Pay","_THIRD_PARTY_SICK_PAY_Display(PER_ORGANIZATION_INFORMATION_EFF=HRX_US_TRU_W2_RULES_IA)","No","HRC_YES_NO","Tax Reporting Unit For United States","Iowa W-2 Reporting Rules Overrides","Captures Third-Party Sick Pay"
"Third-Party Sick Pay","_THIRD_PARTY_SICK_PAY_Display(PER_ORGANIZATION_INFORMATION_EFF=HRX_US_TRU_W2_RULES_ID)","No","HRC_YES_NO","Tax Reporting Unit For United States","Idaho W-2 Reporting Rules Overrides","Captures Third-Party Sick Pay"
"Third-Party Sick Pay","_THIRD_PARTY_SICK_PAY_Display(PER_ORGANIZATION_INFORMATION_EFF=HRX_US_TRU_W2_RULES_IL)","No","HRC_YES_NO","Tax Reporting Unit For United States","Illinois W-2 Reporting Rules Overrides","Captures Third-Party Sick Pay"
"Third-Party Sick Pay","_THIRD_PARTY_SICK_PAY_Display(PER_ORGANIZATION_INFORMATION_EFF=HRX_US_TRU_W2_RULES_IN)","No","HRC_YES_NO","Tax Reporting Unit For United States","Indiana W-2 Reporting Rules Overrides","Captures Third-Party Sick Pay"
"Third-Party Sick Pay","_THIRD_PARTY_SICK_PAY_Display(PER_ORGANIZATION_INFORMATION_EFF=HRX_US_TRU_W2_RULES_KS)","No","HRC_YES_NO","Tax Reporting Unit For United States","Kansas W-2 Reporting Rules Overrides","Captures Third-Party Sick Pay"
"Third-Party Sick Pay","_THIRD_PARTY_SICK_PAY_Display(PER_ORGANIZATION_INFORMATION_EFF=HRX_US_TRU_W2_RULES_KY)","No","HRC_YES_NO","Tax Reporting Unit For United States","Kentucky W-2 Reporting Rules Overrides","Captures Third-Party Sick Pay"
"Third-Party Sick Pay","_THIRD_PARTY_SICK_PAY_Display(PER_ORGANIZATION_INFORMATION_EFF=HRX_US_TRU_W2_RULES_LA)","No","HRC_YES_NO","Tax Reporting Unit For United States","Louisiana W-2 Reporting Rules Overrides","Captures Third-Party Sick Pay"
"Third-Party Sick Pay","_THIRD_PARTY_SICK_PAY_Display(PER_ORGANIZATION_INFORMATION_EFF=HRX_US_TRU_W2_RULES_MD)","No","HRC_YES_NO","Tax Reporting Unit For United States","Maryland W-2 Reporting Rules Overrides","Captures Third-Party Sick Pay"
"Third-Party Sick Pay","_THIRD_PARTY_SICK_PAY_Display(PER_ORGANIZATION_INFORMATION_EFF=HRX_US_TRU_W2_RULES_ME)","No","HRC_YES_NO","Tax Reporting Unit For United States","Maine W-2 Reporting Rules Overrides","Captures Third-Party Sick Pay"
"Third-Party Sick Pay","_THIRD_PARTY_SICK_PAY_Display(PER_ORGANIZATION_INFORMATION_EFF=HRX_US_TRU_W2_RULES_MI)","No","HRC_YES_NO","Tax Reporting Unit For United States","Michigan W-2 Reporting Rules Overrides","Captures Third-Party Sick Pay"
"Third-Party Sick Pay","_THIRD_PARTY_SICK_PAY_Display(PER_ORGANIZATION_INFORMATION_EFF=HRX_US_TRU_W2_RULES_MN)","No","HRC_YES_NO","Tax Reporting Unit For United States","Minnesota W-2 Reporting Rules Overrides","Captures Third-Party Sick Pay"
"Third-Party Sick Pay","_THIRD_PARTY_SICK_PAY_Display(PER_ORGANIZATION_INFORMATION_EFF=HRX_US_TRU_W2_RULES_MO)","No","HRC_YES_NO","Tax Reporting Unit For United States","Missouri W-2 Reporting Rules Overrides","Captures Third-Party Sick Pay"
"Third-Party Sick Pay","_THIRD_PARTY_SICK_PAY_Display(PER_ORGANIZATION_INFORMATION_EFF=HRX_US_TRU_W2_RULES_MS)","No","HRC_YES_NO","Tax Reporting Unit For United States","Mississippi W-2 Reporting Rules Overrides","Captures Third-Party Sick Pay"
"Third-Party Sick Pay","_THIRD_PARTY_SICK_PAY_Display(PER_ORGANIZATION_INFORMATION_EFF=HRX_US_TRU_W2_RULES_MT)","No","HRC_YES_NO","Tax Reporting Unit For United States","Montana W-2 Reporting Rules Overrides","Captures Third-Party Sick Pay"
"Third-Party Sick Pay","_THIRD_PARTY_SICK_PAY_Display(PER_ORGANIZATION_INFORMATION_EFF=HRX_US_TRU_W2_RULES_ND)","No","HRC_YES_NO","Tax Reporting Unit For United States","North Dakota W-2 Reporting Rules Overrides","Captures Third-Party Sick Pay"
"Third-Party Sick Pay","_THIRD_PARTY_SICK_PAY_Display(PER_ORGANIZATION_INFORMATION_EFF=HRX_US_TRU_W2_RULES_NE)","No","HRC_YES_NO","Tax Reporting Unit For United States","Nebraska W-2 Reporting Rules Overrides","Captures Third-Party Sick Pay"
"Third-Party Sick Pay","_THIRD_PARTY_SICK_PAY_Display(PER_ORGANIZATION_INFORMATION_EFF=HRX_US_TRU_W2_RULES_NJ)","No","HRC_YES_NO","Tax Reporting Unit For United States","New Jersey W-2 Reporting Rules Overrides","Captures Third-Party Sick Pay"
"Third-Party Sick Pay","_THIRD_PARTY_SICK_PAY_Display(PER_ORGANIZATION_INFORMATION_EFF=HRX_US_TRU_W2_RULES_NM)","No","HRC_YES_NO","Tax Reporting Unit For United States","New Mexico W-2 Reporting Rules Overrides","Captures Third-Party Sick Pay"
"Third-Party Sick Pay","_THIRD_PARTY_SICK_PAY_Display(PER_ORGANIZATION_INFORMATION_EFF=HRX_US_TRU_W2_RULES_OH)","No","HRC_YES_NO","Tax Reporting Unit For United States","Ohio W-2 Reporting Rules Overrides","Captures Third-Party Sick Pay"
"Third-Party Sick Pay","_THIRD_PARTY_SICK_PAY_Display(PER_ORGANIZATION_INFORMATION_EFF=HRX_US_TRU_W2_RULES_OR)","No","HRC_YES_NO","Tax Reporting Unit For United States","Oregon W-2 Reporting Rules Overrides","Captures Third-Party Sick Pay"
"Third-Party Sick Pay","_THIRD_PARTY_SICK_PAY_Display(PER_ORGANIZATION_INFORMATION_EFF=HRX_US_TRU_W2_RULES_PR)","No","HRC_YES_NO","Tax Reporting Unit For United States","Puerto Rico W-2 Reporting Rules Overrides","Captures Third-Party Sick Pay"
"Third-Party Sick Pay","_THIRD_PARTY_SICK_PAY_Display(PER_ORGANIZATION_INFORMATION_EFF=HRX_US_TRU_W2_RULES_RI)","No","HRC_YES_NO","Tax Reporting Unit For United States","Rhode Island W-2 Reporting Rules Overrides","Captures Third-Party Sick Pay"
"Third-Party Sick Pay","_THIRD_PARTY_SICK_PAY_Display(PER_ORGANIZATION_INFORMATION_EFF=HRX_US_TRU_W2_RULES_SC)","No","HRC_YES_NO","Tax Reporting Unit For United States","South Carolina W-2 Reporting Rules Overrides","Captures Third-Party Sick Pay"
"Third-Party Sick Pay","_THIRD_PARTY_SICK_PAY_Display(PER_ORGANIZATION_INFORMATION_EFF=HRX_US_TRU_W2_RULES_UT)","No","HRC_YES_NO","Tax Reporting Unit For United States","Utah W-2 Reporting Rules Overrides","Captures Third-Party Sick Pay"
"Third-Party Sick Pay","_THIRD_PARTY_SICK_PAY_Display(PER_ORGANIZATION_INFORMATION_EFF=HRX_US_TRU_W2_RULES_VA)","No","HRC_YES_NO","Tax Reporting Unit For United States","Virginia W-2 Reporting Rules Overrides","Captures Third-Party Sick Pay"
"Third-Party Sick Pay","_THIRD_PARTY_SICK_PAY_Display(PER_ORGANIZATION_INFORMATION_EFF=HRX_US_TRU_W2_RULES_VI)","No","HRC_YES_NO","Tax Reporting Unit For United States","Virgin Islands W-2 Reporting Rules Overrides","Captures Third-Party Sick Pay"
"Third-Party Sick Pay","_THIRD_PARTY_SICK_PAY_Display(PER_ORGANIZATION_INFORMATION_EFF=HRX_US_TRU_W2_RULES_VT)","No","HRC_YES_NO","Tax Reporting Unit For United States","Vermont W-2 Reporting Rules Overrides","Captures Third-Party Sick Pay"
"Third-Party Sick Pay","_THIRD_PARTY_SICK_PAY_Display(PER_ORGANIZATION_INFORMATION_EFF=HRX_US_TRU_W2_RULES_WI)","No","HRC_YES_NO","Tax Reporting Unit For United States","Wisconsin W-2 Reporting Rules Overrides","Captures Third-Party Sick Pay"
"Third-Party Sick Pay","_THIRD_PARTY_SICK_PAY_Display(PER_ORGANIZATION_INFORMATION_EFF=HRX_US_TRU_W2_RULES_WV)","No","HRC_YES_NO","Tax Reporting Unit For United States","West Virginia W-2 Reporting Rules Overrides","Captures Third-Party Sick Pay"
"Territory Identifier","territoryIdentifier(PER_ORGANIZATION_INFORMATION_EFF=ORA_HRX_US_TRU_TERRITORY_RULES)","No","ORA_HRX_US_TERRITORY_IDENTIFIER","Tax Reporting Unit For United States","Territory Rules","Captures the territory information."
"Territory Identifier","territoryIdentifier_Display(PER_ORGANIZATION_INFORMATION_EFF=ORA_HRX_US_TRU_TERRITORY_RULES)","No","ORA_HRX_US_TERRITORY_IDENTIFIER","Tax Reporting Unit For United States","Territory Rules","Captures the territory information."
"Termination and ROE Mapping Unique Identifier","oraHrxCaPsuTermRoeUnique(PER_ORGANIZATION_INFORMATION_EFF=ORA_HRX_CA_PSU_TERM_ROE_MAP)","Yes","HRC_NUMBER_20","Payroll Statutory Unit For Canada","Record of Employment Mapping: Terminations","Uniquely identifies the segment"
"Termination Contact","oraHrxCaRoeDeptTermCnt(PER_ORGANIZATION_INFORMATION_EFF=ORA_HRX_CA_ROE_DEPT_CONTACT)","No","ORA_HRX_CA_ROE_TERM_CNT_VS","Department","Canada Record of Employment Contact Department Information","Record of Employment Termination Contact"
"Termination Contact","oraHrxCaRoeDeptTermCnt_Display(PER_ORGANIZATION_INFORMATION_EFF=ORA_HRX_CA_ROE_DEPT_CONTACT)","No","ORA_HRX_CA_ROE_TERM_CNT_VS","Department","Canada Record of Employment Contact Department Information","Record of Employment Termination Contact"
"Terminated Business","_TERMINATED_BUSINESS(PER_ORGANIZATION_INFORMATION_EFF=HRX_US_PSU_SQWL_RULES_MI)","Yes","HRC_YES_NO","Payroll Statutory Unit For United States","Michigan State Quarterly Wage Listing Rules","Captures Terminated Business"
"Terminated Business","_TERMINATED_BUSINESS(PER_ORGANIZATION_INFORMATION_EFF=HRX_US_PSU_SQWL_RULES_VT)","Yes","HRC_YES_NO","Payroll Statutory Unit For United States","Vermont State Quarterly Wage Listing Rules","Captures Terminated Business for Vermont"
"Terminated Business","_TERMINATED_BUSINESS(PER_ORGANIZATION_INFORMATION_EFF=HRX_US_PSU_W2_FEDERAL_RULES)","No","HRC_YES_NO","Payroll Statutory Unit For United States","Federal W-2 Reporting Rules","Captures Terminated Business"
"Terminated Business","_TERMINATED_BUSINESS(PER_ORGANIZATION_INFORMATION_EFF=HRX_US_PSU_W2_RULES_AR)","No","HRC_YES_NO","Payroll Statutory Unit For United States","Arkansas W-2 Reporting Rules","Captures Terminated Business"
"Terminated Business","_TERMINATED_BUSINESS(PER_ORGANIZATION_INFORMATION_EFF=HRX_US_PSU_W2_RULES_AZ)","No","HRC_YES_NO","Payroll Statutory Unit For United States","Arizona W-2 Reporting Rules","Captures Terminated Business"
"Terminated Business","_TERMINATED_BUSINESS(PER_ORGANIZATION_INFORMATION_EFF=HRX_US_PSU_W2_RULES_CO)","No","HRC_YES_NO","Payroll Statutory Unit For United States","Colorado W-2 Reporting Rules","Captures Terminated Business"
"Terminated Business","_TERMINATED_BUSINESS(PER_ORGANIZATION_INFORMATION_EFF=HRX_US_PSU_W2_RULES_DC)","No","HRC_YES_NO","Payroll Statutory Unit For United States","District of Columbia W-2 Reporting Rules","Captures Terminated Business"
"Terminated Business","_TERMINATED_BUSINESS(PER_ORGANIZATION_INFORMATION_EFF=HRX_US_PSU_W2_RULES_DE)","No","HRC_YES_NO","Payroll Statutory Unit For United States","Delaware W-2 Reporting Rules","Captures Terminated Business"
"Terminated Business","_TERMINATED_BUSINESS(PER_ORGANIZATION_INFORMATION_EFF=HRX_US_PSU_W2_RULES_IA)","No","HRC_YES_NO","Payroll Statutory Unit For United States","Iowa W-2 Reporting Rules","Captures Terminated Business"
"Terminated Business","_TERMINATED_BUSINESS(PER_ORGANIZATION_INFORMATION_EFF=HRX_US_PSU_W2_RULES_ID)","No","HRC_YES_NO","Payroll Statutory Unit For United States","Idaho W-2 Reporting Rules","Captures Terminated Business"
"Terminated Business","_TERMINATED_BUSINESS(PER_ORGANIZATION_INFORMATION_EFF=HRX_US_PSU_W2_RULES_IL)","No","HRC_YES_NO","Payroll Statutory Unit For United States","Illinois W-2 Reporting Rules","Captures Terminated Business"
"Terminated Business","_TERMINATED_BUSINESS(PER_ORGANIZATION_INFORMATION_EFF=HRX_US_PSU_W2_RULES_IN)","No","HRC_YES_NO","Payroll Statutory Unit For United States","Indiana W-2 Reporting Rules","Captures Terminated Business"
"Terminated Business","_TERMINATED_BUSINESS(PER_ORGANIZATION_INFORMATION_EFF=HRX_US_PSU_W2_RULES_KS)","No","HRC_YES_NO","Payroll Statutory Unit For United States","Kansas W-2 Reporting Rules","Captures Terminated Business"
"Terminated Business","_TERMINATED_BUSINESS(PER_ORGANIZATION_INFORMATION_EFF=HRX_US_PSU_W2_RULES_KY)","No","HRC_YES_NO","Payroll Statutory Unit For United States","Kentucky W-2 Reporting Rules","Captures Terminated Business"
"Terminated Business","_TERMINATED_BUSINESS(PER_ORGANIZATION_INFORMATION_EFF=HRX_US_PSU_W2_RULES_LA)","No","HRC_YES_NO","Payroll Statutory Unit For United States","Louisiana W-2 Reporting Rules","Captures Terminated Business"
"Terminated Business","_TERMINATED_BUSINESS(PER_ORGANIZATION_INFORMATION_EFF=HRX_US_PSU_W2_RULES_MA)","No","HRC_YES_NO","Payroll Statutory Unit For United States","Massachusetts W-2 Reporting Rules","Captures Terminated Business"
"Terminated Business","_TERMINATED_BUSINESS(PER_ORGANIZATION_INFORMATION_EFF=HRX_US_PSU_W2_RULES_ME)","No","HRC_YES_NO","Payroll Statutory Unit For United States","Maine W-2 Reporting Rules","Captures Terminated Business"
"Terminated Business","_TERMINATED_BUSINESS(PER_ORGANIZATION_INFORMATION_EFF=HRX_US_PSU_W2_RULES_MI)","No","HRC_YES_NO","Payroll Statutory Unit For United States","Michigan W-2 Reporting Rules","Captures Terminated Business"
"Terminated Business","_TERMINATED_BUSINESS(PER_ORGANIZATION_INFORMATION_EFF=HRX_US_PSU_W2_RULES_MN)","No","HRC_YES_NO","Payroll Statutory Unit For United States","Minnesota W-2 Reporting Rules","Captures Terminated Business"
"Terminated Business","_TERMINATED_BUSINESS(PER_ORGANIZATION_INFORMATION_EFF=HRX_US_PSU_W2_RULES_MO)","No","HRC_YES_NO","Payroll Statutory Unit For United States","Missouri W-2 Reporting Rules","Captures Terminated Business"
"Terminated Business","_TERMINATED_BUSINESS(PER_ORGANIZATION_INFORMATION_EFF=HRX_US_PSU_W2_RULES_MS)","No","HRC_YES_NO","Payroll Statutory Unit For United States","Mississippi W-2 Reporting Rules","Captures Terminated Business"
"Terminated Business","_TERMINATED_BUSINESS(PER_ORGANIZATION_INFORMATION_EFF=HRX_US_PSU_W2_RULES_MT)","No","HRC_YES_NO","Payroll Statutory Unit For United States","Montana W-2 Reporting Rules","Captures Terminated Business"
"Terminated Business","_TERMINATED_BUSINESS(PER_ORGANIZATION_INFORMATION_EFF=HRX_US_PSU_W2_RULES_ND)","No","HRC_YES_NO","Payroll Statutory Unit For United States","North Dakota W-2 Reporting Rules","Captures Terminated Business"
"Terminated Business","_TERMINATED_BUSINESS(PER_ORGANIZATION_INFORMATION_EFF=HRX_US_PSU_W2_RULES_NE)","No","HRC_YES_NO","Payroll Statutory Unit For United States","Nebraska W-2 Reporting Rules","Captures Terminated Business"
"Terminated Business","_TERMINATED_BUSINESS(PER_ORGANIZATION_INFORMATION_EFF=HRX_US_PSU_W2_RULES_NJ)","No","HRC_YES_NO","Payroll Statutory Unit For United States","New Jersey W-2 Reporting Rules","Captures Terminated Business"
"Terminated Business","_TERMINATED_BUSINESS(PER_ORGANIZATION_INFORMATION_EFF=HRX_US_PSU_W2_RULES_NM)","No","HRC_YES_NO","Payroll Statutory Unit For United States","New Mexico W-2 Reporting Rules","Captures Terminated Business"
"Terminated Business","_TERMINATED_BUSINESS(PER_ORGANIZATION_INFORMATION_EFF=HRX_US_PSU_W2_RULES_OH)","No","HRC_YES_NO","Payroll Statutory Unit For United States","Ohio W-2 Reporting Rules","Captures Terminated Business"
"Terminated Business","_TERMINATED_BUSINESS(PER_ORGANIZATION_INFORMATION_EFF=HRX_US_PSU_W2_RULES_OR)","No","HRC_YES_NO","Payroll Statutory Unit For United States","Oregon W-2 Reporting Rules","Captures Terminated Business"
"Terminated Business","_TERMINATED_BUSINESS(PER_ORGANIZATION_INFORMATION_EFF=HRX_US_PSU_W2_RULES_PA)","No","HRC_YES_NO","Payroll Statutory Unit For United States","Pennsylvania W-2 Reporting Rules","Captures Terminated Business"
"Terminated Business","_TERMINATED_BUSINESS(PER_ORGANIZATION_INFORMATION_EFF=HRX_US_PSU_W2_RULES_PR)","No","HRC_YES_NO","Payroll Statutory Unit For United States","Puerto Rico W-2 Reporting Rules","Captures Terminated Business"
"Terminated Business","_TERMINATED_BUSINESS(PER_ORGANIZATION_INFORMATION_EFF=HRX_US_PSU_W2_RULES_RI)","No","HRC_YES_NO","Payroll Statutory Unit For United States","Rhode Island W-2 Reporting Rules","Captures Terminated Business"
"Terminated Business","_TERMINATED_BUSINESS(PER_ORGANIZATION_INFORMATION_EFF=HRX_US_PSU_W2_RULES_SC)","No","HRC_YES_NO","Payroll Statutory Unit For United States","South Carolina W-2 Reporting Rules","Captures Terminated Business"
"Terminated Business","_TERMINATED_BUSINESS(PER_ORGANIZATION_INFORMATION_EFF=HRX_US_PSU_W2_RULES_UT)","No","HRC_YES_NO","Payroll Statutory Unit For United States","Utah W-2 Reporting Rules","Captures Terminated Business"
"Terminated Business","_TERMINATED_BUSINESS(PER_ORGANIZATION_INFORMATION_EFF=HRX_US_PSU_W2_RULES_VA)","No","HRC_YES_NO","Payroll Statutory Unit For United States","Virginia W-2 Reporting Rules","Captures Terminated Business"
"Terminated Business","_TERMINATED_BUSINESS(PER_ORGANIZATION_INFORMATION_EFF=HRX_US_PSU_W2_RULES_VI)","No","HRC_YES_NO","Payroll Statutory Unit For United States","Virgin Islands W-2 Reporting Rules","Captures Terminated Business"
"Terminated Business","_TERMINATED_BUSINESS(PER_ORGANIZATION_INFORMATION_EFF=HRX_US_PSU_W2_RULES_VT)","No","HRC_YES_NO","Payroll Statutory Unit For United States","Vermont W-2 Reporting Rules","Captures Terminated Business"
"Terminated Business","_TERMINATED_BUSINESS(PER_ORGANIZATION_INFORMATION_EFF=HRX_US_PSU_W2_RULES_WI)","No","HRC_YES_NO","Payroll Statutory Unit For United States","Wisconsin W-2 Reporting Rules","Captures Terminated Business"
"Terminated Business","_TERMINATED_BUSINESS(PER_ORGANIZATION_INFORMATION_EFF=HRX_US_PSU_W2_RULES_WV)","No","HRC_YES_NO","Payroll Statutory Unit For United States","West Virginia W-2 Reporting Rules","Captures Terminated Business"
"Terminated Business","_TERMINATED_BUSINESS(PER_ORGANIZATION_INFORMATION_EFF=HRX_US_TRU_SQWL_RULES_MI)","Yes","HRC_YES_NO","Tax Reporting Unit For United States","Michigan State Quarterly Wage Listing Rules Overrides","Captures Terminated Business."
"Terminated Business","_TERMINATED_BUSINESS(PER_ORGANIZATION_INFORMATION_EFF=HRX_US_TRU_SQWL_RULES_NH)","No","HRC_YES_NO","Tax Reporting Unit For United States","New Hampshire State Quarterly Wage Listing Rules Overrides","Captures Terminated Business"
"Terminated Business","_TERMINATED_BUSINESS(PER_ORGANIZATION_INFORMATION_EFF=HRX_US_TRU_W2_FEDERAL_RULES)","No","HRC_YES_NO","Tax Reporting Unit For United States","Federal Year-End Reporting Rules","Captures Terminated Business"
"Terminated Business","_TERMINATED_BUSINESS(PER_ORGANIZATION_INFORMATION_EFF=HRX_US_TRU_W2_RULES_AR)","No","HRC_YES_NO","Tax Reporting Unit For United States","Arkansas W-2 Reporting Rules Overrides","Captures Terminated Business"
"Terminated Business","_TERMINATED_BUSINESS(PER_ORGANIZATION_INFORMATION_EFF=HRX_US_TRU_W2_RULES_AZ)","No","HRC_YES_NO","Tax Reporting Unit For United States","Arizona W-2 Reporting Rules Overrides","Captures Terminated Business"
"Terminated Business","_TERMINATED_BUSINESS(PER_ORGANIZATION_INFORMATION_EFF=HRX_US_TRU_W2_RULES_CO)","No","HRC_YES_NO","Tax Reporting Unit For United States","Colorado W-2 Reporting Rules Overrides","Captures Terminated Business"
"Terminated Business","_TERMINATED_BUSINESS(PER_ORGANIZATION_INFORMATION_EFF=HRX_US_TRU_W2_RULES_DC)","No","HRC_YES_NO","Tax Reporting Unit For United States","District of Columbia W-2 Reporting Rules Overrides","Captures Terminated Business"
"Terminated Business","_TERMINATED_BUSINESS(PER_ORGANIZATION_INFORMATION_EFF=HRX_US_TRU_W2_RULES_DE)","No","HRC_YES_NO","Tax Reporting Unit For United States","Delaware W-2 Reporting Rules Overrides","Captures Terminated Business"
"Terminated Business","_TERMINATED_BUSINESS(PER_ORGANIZATION_INFORMATION_EFF=HRX_US_TRU_W2_RULES_IA)","No","HRC_YES_NO","Tax Reporting Unit For United States","Iowa W-2 Reporting Rules Overrides","Captures Terminated Business"
"Terminated Business","_TERMINATED_BUSINESS(PER_ORGANIZATION_INFORMATION_EFF=HRX_US_TRU_W2_RULES_ID)","No","HRC_YES_NO","Tax Reporting Unit For United States","Idaho W-2 Reporting Rules Overrides","Captures Terminated Business"
"Terminated Business","_TERMINATED_BUSINESS(PER_ORGANIZATION_INFORMATION_EFF=HRX_US_TRU_W2_RULES_IL)","No","HRC_YES_NO","Tax Reporting Unit For United States","Illinois W-2 Reporting Rules Overrides","Captures Terminated Business"
"Terminated Business","_TERMINATED_BUSINESS(PER_ORGANIZATION_INFORMATION_EFF=HRX_US_TRU_W2_RULES_IN)","No","HRC_YES_NO","Tax Reporting Unit For United States","Indiana W-2 Reporting Rules Overrides","captures Terminated Business"
"Terminated Business","_TERMINATED_BUSINESS(PER_ORGANIZATION_INFORMATION_EFF=HRX_US_TRU_W2_RULES_KS)","No","HRC_YES_NO","Tax Reporting Unit For United States","Kansas W-2 Reporting Rules Overrides","Captures Terminated Business"
"Terminated Business","_TERMINATED_BUSINESS(PER_ORGANIZATION_INFORMATION_EFF=HRX_US_TRU_W2_RULES_KY)","No","HRC_YES_NO","Tax Reporting Unit For United States","Kentucky W-2 Reporting Rules Overrides","Captures Terminated Business"
"Terminated Business","_TERMINATED_BUSINESS(PER_ORGANIZATION_INFORMATION_EFF=HRX_US_TRU_W2_RULES_LA)","No","HRC_YES_NO","Tax Reporting Unit For United States","Louisiana W-2 Reporting Rules Overrides","Captures Terminated Business"
"Terminated Business","_TERMINATED_BUSINESS(PER_ORGANIZATION_INFORMATION_EFF=HRX_US_TRU_W2_RULES_ME)","No","HRC_YES_NO","Tax Reporting Unit For United States","Maine W-2 Reporting Rules Overrides","Captures Terminated Business"
"Terminated Business","_TERMINATED_BUSINESS(PER_ORGANIZATION_INFORMATION_EFF=HRX_US_TRU_W2_RULES_MI)","No","HRC_YES_NO","Tax Reporting Unit For United States","Michigan W-2 Reporting Rules Overrides","Captures Terminated Business"
"Terminated Business","_TERMINATED_BUSINESS(PER_ORGANIZATION_INFORMATION_EFF=HRX_US_TRU_W2_RULES_MN)","No","HRC_YES_NO","Tax Reporting Unit For United States","Minnesota W-2 Reporting Rules Overrides","Captures Terminated Business"
"Terminated Business","_TERMINATED_BUSINESS(PER_ORGANIZATION_INFORMATION_EFF=HRX_US_TRU_W2_RULES_MO)","No","HRC_YES_NO","Tax Reporting Unit For United States","Missouri W-2 Reporting Rules Overrides","Captures Terminated Business"
"Terminated Business","_TERMINATED_BUSINESS(PER_ORGANIZATION_INFORMATION_EFF=HRX_US_TRU_W2_RULES_MS)","No","HRC_YES_NO","Tax Reporting Unit For United States","Mississippi W-2 Reporting Rules Overrides","Captures Terminated Business"
"Terminated Business","_TERMINATED_BUSINESS(PER_ORGANIZATION_INFORMATION_EFF=HRX_US_TRU_W2_RULES_MT)","No","HRC_YES_NO","Tax Reporting Unit For United States","Montana W-2 Reporting Rules Overrides","Captures Terminated Business"
"Terminated Business","_TERMINATED_BUSINESS(PER_ORGANIZATION_INFORMATION_EFF=HRX_US_TRU_W2_RULES_ND)","No","HRC_YES_NO","Tax Reporting Unit For United States","North Dakota W-2 Reporting Rules Overrides","Captures Terminated Business"
"Terminated Business","_TERMINATED_BUSINESS(PER_ORGANIZATION_INFORMATION_EFF=HRX_US_TRU_W2_RULES_NE)","No","HRC_YES_NO","Tax Reporting Unit For United States","Nebraska W-2 Reporting Rules Overrides","Captures Terminated Business"
"Terminated Business","_TERMINATED_BUSINESS(PER_ORGANIZATION_INFORMATION_EFF=HRX_US_TRU_W2_RULES_NJ)","No","HRC_YES_NO","Tax Reporting Unit For United States","New Jersey W-2 Reporting Rules Overrides","Captures Terminated Business"
"Terminated Business","_TERMINATED_BUSINESS(PER_ORGANIZATION_INFORMATION_EFF=HRX_US_TRU_W2_RULES_NM)","No","HRC_YES_NO","Tax Reporting Unit For United States","New Mexico W-2 Reporting Rules Overrides","Captures Terminated Business"
"Terminated Business","_TERMINATED_BUSINESS(PER_ORGANIZATION_INFORMATION_EFF=HRX_US_TRU_W2_RULES_OH)","No","HRC_YES_NO","Tax Reporting Unit For United States","Ohio W-2 Reporting Rules Overrides","Captures Terminated Business"
"Terminated Business","_TERMINATED_BUSINESS(PER_ORGANIZATION_INFORMATION_EFF=HRX_US_TRU_W2_RULES_OR)","No","HRC_YES_NO","Tax Reporting Unit For United States","Oregon W-2 Reporting Rules Overrides","Captures Terminated Business"
"Terminated Business","_TERMINATED_BUSINESS(PER_ORGANIZATION_INFORMATION_EFF=HRX_US_TRU_W2_RULES_PA)","No","HRC_YES_NO","Tax Reporting Unit For United States","Pennsylvania W-2 Reporting Rules Overrides","Captures Terminated Business"
"Terminated Business","_TERMINATED_BUSINESS(PER_ORGANIZATION_INFORMATION_EFF=HRX_US_TRU_W2_RULES_PR)","No","HRC_YES_NO","Tax Reporting Unit For United States","Puerto Rico W-2 Reporting Rules Overrides","Captures Terminated Business"
"Terminated Business","_TERMINATED_BUSINESS(PER_ORGANIZATION_INFORMATION_EFF=HRX_US_TRU_W2_RULES_RI)","No","HRC_YES_NO","Tax Reporting Unit For United States","Rhode Island W-2 Reporting Rules Overrides","Captures Terminated Business"
"Terminated Business","_TERMINATED_BUSINESS(PER_ORGANIZATION_INFORMATION_EFF=HRX_US_TRU_W2_RULES_SC)","No","HRC_YES_NO","Tax Reporting Unit For United States","South Carolina W-2 Reporting Rules Overrides","Captures Terminated Business"
"Terminated Business","_TERMINATED_BUSINESS(PER_ORGANIZATION_INFORMATION_EFF=HRX_US_TRU_W2_RULES_UT)","No","HRC_YES_NO","Tax Reporting Unit For United States","Utah W-2 Reporting Rules Overrides","Captures Terminated Business"
"Terminated Business","_TERMINATED_BUSINESS(PER_ORGANIZATION_INFORMATION_EFF=HRX_US_TRU_W2_RULES_VA)","No","HRC_YES_NO","Tax Reporting Unit For United States","Virginia W-2 Reporting Rules Overrides","Captures Terminated Business"
"Terminated Business","_TERMINATED_BUSINESS(PER_ORGANIZATION_INFORMATION_EFF=HRX_US_TRU_W2_RULES_VI)","No","HRC_YES_NO","Tax Reporting Unit For United States","Virgin Islands W-2 Reporting Rules Overrides","Captures Terminated Business"
"Terminated Business","_TERMINATED_BUSINESS(PER_ORGANIZATION_INFORMATION_EFF=HRX_US_TRU_W2_RULES_VT)","No","HRC_YES_NO","Tax Reporting Unit For United States","Vermont W-2 Reporting Rules Overrides","Captures Terminated Business"
"Terminated Business","_TERMINATED_BUSINESS(PER_ORGANIZATION_INFORMATION_EFF=HRX_US_TRU_W2_RULES_WI)","No","HRC_YES_NO","Tax Reporting Unit For United States","Wisconsin W-2 Reporting Rules Overrides","Captures Terminated Business"
"Terminated Business","_TERMINATED_BUSINESS(PER_ORGANIZATION_INFORMATION_EFF=HRX_US_TRU_W2_RULES_WV)","No","HRC_YES_NO","Tax Reporting Unit For United States","West Virginia W-2 Reporting Rules Overrides","Captures Terminated Business"
"Terminated Business","_TERMINATED_BUSINESS_Display(PER_ORGANIZATION_INFORMATION_EFF=HRX_US_PSU_SQWL_RULES_MI)","Yes","HRC_YES_NO","Payroll Statutory Unit For United States","Michigan State Quarterly Wage Listing Rules","Captures Terminated Business"
"Terminated Business","_TERMINATED_BUSINESS_Display(PER_ORGANIZATION_INFORMATION_EFF=HRX_US_PSU_SQWL_RULES_VT)","Yes","HRC_YES_NO","Payroll Statutory Unit For United States","Vermont State Quarterly Wage Listing Rules","Captures Terminated Business for Vermont"
